"","Kingdom","Phylum","Class","Order","Family","Genus","Species"
"5993ade3338e5176ab38b4bcdfda5d19","Bacteria"," Bacteroidetes"," [Saprospirae]"," [Saprospirales]"," Chitinophagaceae"," "," "
"51a3915b2348c79b261d10cc9c6f52b3","Bacteria"," Bacteroidetes"," [Saprospirae]"," [Saprospirales]"," Chitinophagaceae"," "," "
"ba03d574288216cb347a3817cfd2cfd4","Bacteria"," Bacteroidetes"," [Saprospirae]"," [Saprospirales]"," Chitinophagaceae"," "," "
"728bb5448c535c473735e5dae85ca41e","Bacteria"," Bacteroidetes"," [Saprospirae]"," [Saprospirales]"," Chitinophagaceae"," "," "
"d9ea61005643a4051b118703705322ae","Bacteria"," Bacteroidetes"," [Saprospirae]"," [Saprospirales]"," Chitinophagaceae"," "," "
"30d4dc06e175ba07318a52ca145c3eff","Bacteria"," Bacteroidetes"," [Saprospirae]"," [Saprospirales]"," Chitinophagaceae"," "," "
"8678dea077ece20287b950cd5bc66db8","Bacteria"," Bacteroidetes"," [Saprospirae]"," [Saprospirales]"," Chitinophagaceae"," "," "
"64aca044970cf53d900ee2c1b1ad938d","Bacteria"," Bacteroidetes"," [Saprospirae]"," [Saprospirales]"," Chitinophagaceae"," "," "
"08f4c036274c4569880bcd14e258f3f6","Bacteria"," Bacteroidetes"," [Saprospirae]"," [Saprospirales]"," Chitinophagaceae"," "," "
"84b58dde4a685bb291eb262d86785ceb","Bacteria"," Bacteroidetes"," Flavobacteriia"," Flavobacteriales"," Cryomorphaceae"," Brumimicrobium"," "
"618f82c2e46f0ebfc2dd11285b16bec1","Bacteria"," Bacteroidetes"," Flavobacteriia"," Flavobacteriales"," Cryomorphaceae"," Fluviicola"," "
"128e6861dfbf08ef2bf0b77b79ae8452","Bacteria"," Bacteroidetes"," Flavobacteriia"," Flavobacteriales"," Flavobacteriaceae"," Aequorivita"," "
"e67e58513b56f7aec1179b9c9f5491f2","Bacteria"," Bacteroidetes"," Flavobacteriia"," Flavobacteriales"," [Weeksellaceae]"," "," "
"25bcacaa20e03d23f7c38bc423c707ce","Bacteria"," Bacteroidetes"," Flavobacteriia"," Flavobacteriales"," [Weeksellaceae]"," "," "
"7b673af04ecf62c48a3bd01bcff801c4","Bacteria"," Bacteroidetes"," Flavobacteriia"," Flavobacteriales"," [Weeksellaceae]"," Cloacibacterium"," "
"8612a638846acf832935cb932a1f0398","Bacteria"," Bacteroidetes"," Flavobacteriia"," Flavobacteriales"," [Weeksellaceae]"," Cloacibacterium"," "
"6893e9cfcf4ca056f62aec6f490be982","Bacteria"," Bacteroidetes"," Flavobacteriia"," Flavobacteriales"," [Weeksellaceae]"," "," "
"34244f46ca2dbc7e4f45efefd6ee8dce","Bacteria"," Bacteroidetes"," Sphingobacteriia"," Sphingobacteriales"," Sphingobacteriaceae"," Sphingobacterium"," mizutaii"
"10b890326e2b0b15509aefb95d0d6b79","Bacteria"," Bacteroidetes"," Sphingobacteriia"," Sphingobacteriales"," Sphingobacteriaceae"," Sphingobacterium"," multivorum"
"ed52f10a121caf6393ed73005fe3519b","Bacteria"," Bacteroidetes"," Sphingobacteriia"," Sphingobacteriales"," Sphingobacteriaceae"," "," "
"747eb6e9a6df7686a73009847bbc6c5f","Bacteria"," Bacteroidetes"," Cytophagia"," Cytophagales"," Cytophagaceae"," Hymenobacter"," "
"0d0cc0527ae5e10769a27f97c5966811","Bacteria"," Bacteroidetes"," Cytophagia"," Cytophagales"," Cytophagaceae"," Hymenobacter"," "
"c3988b4dd180c9c6a907dfcbcbdbfcef","Bacteria"," Bacteroidetes"," Cytophagia"," Cytophagales"," Cytophagaceae"," Adhaeribacter"," "
"b3df7a8eb392780ebcf3ae3d6416ee0e","Bacteria"," Bacteroidetes"," Cytophagia"," Cytophagales"," Cytophagaceae"," Leadbetterella"," "
"adec59dd48556578670f969792a2ff8c","Bacteria"," Bacteroidetes"," Cytophagia"," Cytophagales"," Cytophagaceae"," Leadbetterella"," "
"f9e3cc299c5f821e66e468c67a285915","Bacteria"," Bacteroidetes"," Cytophagia"," Cytophagales"," Cytophagaceae"," Dyadobacter"," "
"ebcde793488ffb6a6c083b94204de559","Bacteria"," Bacteroidetes"," Cytophagia"," Cytophagales"," Cytophagaceae"," Spirosoma"," "
"2f032673defa78e4f3984f25289c4923","Bacteria"," Bacteroidetes"," Cytophagia"," Cytophagales"," Cytophagaceae"," "," "
"2be0c569c28a41e77a0183ef350b43c1","Bacteria"," Bacteroidetes"," Cytophagia"," Cytophagales"," Cytophagaceae"," "," "
"5cd890ab4f53256d6b1762acf5ab7c69","Bacteria"," Bacteroidetes"," Cytophagia"," Cytophagales"," Cytophagaceae"," "," "
"97e6ab5e2216bdc7d4a0ce3851789550","Bacteria"," Planctomycetes"," Planctomycetia"," Gemmatales"," Isosphaeraceae"," "," "
"918fc30207b18a308ba0cb1e5244bd45","Bacteria"," TM6"," SJA-4"," "," "," "," "
"84ec91878eb7c822ebe95a695d8adcce","Bacteria"," TM6"," SJA-4"," "," "," "," "
"5b6abc69640b2f9342656d6bd94055bb","Bacteria"," Acidobacteria"," Acidobacteriia"," Acidobacteriales"," Acidobacteriaceae",NA,NA
"747f5947c9bf8b56e76e524e5506ce8c","Bacteria"," Acidobacteria"," Acidobacteriia"," Acidobacteriales"," Acidobacteriaceae"," "," "
"1029f53d0a2094377477a99bb8fd0512","Bacteria"," Tenericutes"," Mollicutes"," Mycoplasmatales"," Mycoplasmataceae"," Mycoplasma"," "
"f6148b6faaa3fa0d66b1d3bdcc18f00a","Bacteria"," Tenericutes"," Mollicutes"," Mycoplasmatales"," Mycoplasmataceae"," Mycoplasma"," "
"b51434355503154f06edd1889445005d","Bacteria"," Tenericutes"," Mollicutes"," Mycoplasmatales"," Mycoplasmataceae"," Mycoplasma"," "
"cd0dc1d474500540d2e4a22d8887deb5","Bacteria"," Tenericutes"," Mollicutes"," Mycoplasmatales"," Mycoplasmataceae"," Mycoplasma"," "
"82acc16d8a22778262532ba70f6109e5","Bacteria"," Tenericutes"," Mollicutes"," Mycoplasmatales"," Mycoplasmataceae"," Mycoplasma"," "
"2c71286412a9c30e1bfa3609b93c3c13","Bacteria"," Tenericutes"," Mollicutes"," Mycoplasmatales"," Mycoplasmataceae"," Mycoplasma"," "
"9f601319304698ca599073283ab894d9","Bacteria"," Tenericutes"," Mollicutes"," Mycoplasmatales"," Mycoplasmataceae"," Mycoplasma"," "
"a81a1890eb28bceff79fd10fc819088d","Bacteria"," Tenericutes"," Mollicutes"," Mycoplasmatales"," Mycoplasmataceae"," Mycoplasma"," "
"6b7193ccd1ee6bbc2b110c78b9ac4517","Bacteria"," Tenericutes"," Mollicutes"," Mycoplasmatales"," Mycoplasmataceae"," Mycoplasma"," "
"4aa960370afbea1613532c07d4137a4a","Bacteria"," Tenericutes"," Mollicutes"," Mycoplasmatales"," Mycoplasmataceae"," Mycoplasma"," "
"759b69c592e4c2a267b3fb2c14178b65","Bacteria"," Tenericutes"," Mollicutes"," Mycoplasmatales"," Mycoplasmataceae"," Mycoplasma"," "
"e7dd0d9e205bdd93a0ab7348fdeb48b4","Bacteria"," Tenericutes"," Mollicutes"," Mycoplasmatales"," Mycoplasmataceae"," Mycoplasma"," "
"cfd36bc9932d5aafaa4aa991291168f4","Bacteria"," Tenericutes"," Mollicutes"," Mycoplasmatales"," Mycoplasmataceae"," Mycoplasma"," "
"1cc585194324c38ecc792fff3a199120","Bacteria"," Tenericutes"," Mollicutes"," Mycoplasmatales"," Mycoplasmataceae"," Mycoplasma"," "
"2aabc9d1e62bc0a9944992d856e3b76a","Bacteria"," Tenericutes"," Mollicutes"," Mycoplasmatales"," Mycoplasmataceae"," Mycoplasma"," "
"895196e053bf7e5d72c07b3d7b2e1bb6","Bacteria"," Tenericutes"," Mollicutes"," Mycoplasmatales"," Mycoplasmataceae"," Mycoplasma"," "
"4024eff76cdcc3751e21d9e1e7331761","Bacteria"," Tenericutes"," Mollicutes"," Entomoplasmatales"," "," "," "
"ea9eec7cd5a31e3341a63fd8ad5abd96","Bacteria"," Tenericutes"," Mollicutes"," Entomoplasmatales"," "," "," "
"65ab34267bf68aeb74d3cc158975973f","Bacteria"," Tenericutes"," Mollicutes"," Entomoplasmatales"," "," "," "
"cb0423d0ab90bb184d5540adff676f4c","Bacteria"," Tenericutes"," Mollicutes"," Entomoplasmatales"," "," "," "
"f6cd6f699f3276dec4572fda3185ebb2","Bacteria"," Tenericutes"," Mollicutes"," Entomoplasmatales"," "," "," "
"fb4ba4f670eb3356d8cc57ee6f88933d","Bacteria"," Tenericutes"," Mollicutes"," Entomoplasmatales"," "," "," "
"f04924d7dd558d3d665f73d8bfd2b762","Bacteria"," Tenericutes"," Mollicutes"," Entomoplasmatales"," "," "," "
"dd60efd988358c980d338795a3f6e0b8","Bacteria"," Tenericutes"," Mollicutes"," Entomoplasmatales"," "," "," "
"709f28061ff93701c5d360ec338e052a","Bacteria"," Tenericutes"," Mollicutes"," Entomoplasmatales"," "," "," "
"ab7f1c165140942cb74f458dd99e1e16","Bacteria"," Tenericutes"," Mollicutes"," Entomoplasmatales"," "," "," "
"04bca9a55d4529344e97d2d28f9be43d","Bacteria"," Firmicutes"," Clostridia"," Clostridiales"," Lachnospiraceae"," Catonella"," "
"6a9d9bcc7e05e5c8acb87aba4f81e66c","Bacteria"," Firmicutes"," Clostridia"," Clostridiales"," Ruminococcaceae"," Ruminococcus"," "
"315a45fffc9d4c77f2a7c87b3cb8f9da","Bacteria"," Firmicutes"," Clostridia"," Clostridiales"," Ruminococcaceae"," Oscillospira"," "
"47d28a83a1e0e9f4a98184bd607bca26","Bacteria"," Firmicutes"," Clostridia"," Clostridiales"," "," "," "
"c99026a091c7446e2d2931e81d44d340","Bacteria"," Firmicutes"," Clostridia"," Clostridiales"," Clostridiaceae"," "," "
"e335f74033bc634af43ee6baa84fa247","Bacteria"," Firmicutes"," Clostridia"," Clostridiales"," Peptostreptococcaceae"," "," "
"31e57a1ab065214bb6b49f117e3f3499","Bacteria"," Firmicutes"," Clostridia"," Clostridiales"," Peptostreptococcaceae"," "," "
"0a9526e347aa20eba4e551e621560141","Bacteria"," Firmicutes"," Bacilli"," Bacillales",NA,NA,NA
"d20d300e229e77a343cac6c4a7cc0007","Bacteria"," Firmicutes"," Bacilli"," Bacillales"," Planococcaceae"," "," "
"295b4fc52bbe62488fad64135cf9b995","Bacteria"," Firmicutes"," Bacilli"," Bacillales"," Planococcaceae"," Planomicrobium"," "
"9f04d4582c00cc1372a4a536aaa64d65","Bacteria"," Firmicutes"," Bacilli"," Bacillales"," Planococcaceae"," Planomicrobium"," "
"308df1fb41d807a16562a9960b47db39","Bacteria"," Firmicutes"," Bacilli"," Bacillales"," Planococcaceae"," Sporosarcina"," "
"08667d4a0f17f08ab4190d2ad683f29c","Bacteria"," Firmicutes"," Bacilli"," Bacillales"," Planococcaceae"," Sporosarcina"," "
"d8047f41bd79cc400610d6eea384cf4d","Bacteria"," Firmicutes"," Bacilli"," Bacillales"," Planococcaceae"," Sporosarcina"," "
"feefd6f17cf3a634273a229fe173cb3f","Bacteria"," Firmicutes"," Bacilli"," Bacillales"," "," "," "
"a8dc5aeb11a8e3f8ac305f73ed6c240e","Bacteria"," Firmicutes"," Bacilli"," Bacillales"," Planococcaceae",NA,NA
"fb466b8ed3e9b801793c7cff0ad0bfa3","Bacteria"," Firmicutes"," Bacilli"," Bacillales"," Staphylococcaceae"," Jeotgalicoccus"," "
"dfca81dbcb380068413ca7c1236e7dd1","Bacteria"," Firmicutes"," Bacilli"," Bacillales"," Staphylococcaceae"," "," "
"00f7793b9e96c3365f6a3a097c56805d","Bacteria"," Firmicutes"," Bacilli"," Bacillales"," Listeriaceae",NA,NA
"e47ccdfd1d3addb7a3a86e9afe46f335","Bacteria"," Firmicutes"," Bacilli"," Lactobacillales"," Carnobacteriaceae",NA,NA
"82819e0b6b0a7ba359661678cb034a42","Bacteria"," Firmicutes"," Bacilli"," Lactobacillales"," Carnobacteriaceae"," Carnobacterium",NA
"d6a526b572996ed919a3e009473bc860","Bacteria"," Firmicutes"," Bacilli"," Lactobacillales"," "," "," "
"6ba43acb03ae795b3e7e31f2be946006","Bacteria"," Firmicutes"," Bacilli"," Lactobacillales"," Leuconostocaceae"," Leuconostoc"," mesenteroides"
"9e75d15ba3717ca20d8aa45e3c4a6bab","Bacteria"," Firmicutes"," Bacilli"," Lactobacillales"," Leuconostocaceae"," Leuconostoc"," "
"76942be976115ada59d1c82ca2215411","Bacteria"," Firmicutes"," Bacilli"," Lactobacillales"," Leuconostocaceae"," "," "
"9e9c4270966cf507485654eb33a69880","Bacteria"," Firmicutes"," Bacilli"," Lactobacillales"," Leuconostocaceae"," "," "
"84d5ff0afe313753948b623a17764e61","Bacteria"," Firmicutes"," Bacilli"," Lactobacillales"," Aerococcaceae"," "," "
"325c5148d779e56a5ed4f40d5b34aafc","Bacteria"," Firmicutes"," Bacilli"," Lactobacillales"," Aerococcaceae"," "," "
"b9aa22c0f3dd62136a18ea7b26d15a43","Bacteria"," Firmicutes"," Bacilli"," Lactobacillales"," Aerococcaceae"," Facklamia"," "
"f04853e1e1de16fa322ac4c4775a8e84","Bacteria"," Firmicutes"," Bacilli"," Bacillales"," "," "," "
"ae4df9a01f6582c417ac06c1fd0b85f9","Bacteria"," Firmicutes"," Bacilli"," Lactobacillales"," Streptococcaceae"," Lactococcus"," "
"d114fb4c335125128be28401522dd41a","Bacteria"," Firmicutes"," Bacilli"," Lactobacillales"," Streptococcaceae"," Lactococcus"," "
"1faf7413fbed94d7d474302b04f8ab8f","Bacteria"," Firmicutes"," Clostridia"," Clostridiales"," [Tissierellaceae]"," Helcococcus"," "
"9025267ef07c34b6cdd64a9c86e4d2ce","Bacteria"," Firmicutes"," Clostridia"," Clostridiales"," Peptostreptococcaceae"," Filifactor"," "
"f03f4911a0f601d7c72f5bbe9c34a1bc","Bacteria"," Firmicutes"," Bacilli"," Bacillales",NA,NA,NA
"22b3c70cdfb1714224e1bf8a6314bee9","Bacteria"," Firmicutes"," Clostridia"," Clostridiales"," [Tissierellaceae]"," Finegoldia"," "
"a71b7639abeb7134a21d2a45b49cd546","Bacteria"," Firmicutes"," Clostridia"," Clostridiales"," [Tissierellaceae]"," Finegoldia"," "
"583775d0696770430e17cc8f23c75a93","Bacteria"," Firmicutes"," Clostridia"," Clostridiales"," [Tissierellaceae]"," Finegoldia"," "
"dd2859ddb15c608956826394ab61dfe1","Bacteria"," Firmicutes"," Clostridia"," Clostridiales"," Peptococcaceae"," Desulfosporosinus"," meridiei"
"72f38dce1c9918bfdc43478100638fa7","Bacteria"," Chloroflexi"," Anaerolineae"," SBR1031"," A4b"," "," "
"7ee0c69e6718dc3cd6fad2d330310969","Bacteria"," Chloroflexi"," Ktedonobacteria"," Ktedonobacterales"," Ktedonobacteraceae"," "," "
"e3bdd7e3bc3a1370fdc9297bfe1cc5eb","Bacteria"," Chloroflexi"," Ktedonobacteria"," "," "," "," "
"5011a0ea9d7402163345550ceb728e0d","Bacteria"," WPS-2"," "," "," "," "," "
"a2dcbf8bfa43d8a2eb256a7f26cd5b48","Bacteria"," Firmicutes"," Clostridia"," Clostridiales",NA,NA,NA
"17789b897abe5eb8d710dbf134e051a5","Bacteria"," Actinobacteria"," Rubrobacteria"," Rubrobacterales"," Rubrobacteraceae"," Rubrobacter"," "
"5bb95cbfa67a30aaf5990b87578dcf9a","Bacteria"," Actinobacteria"," Acidimicrobiia"," Acidimicrobiales"," "," "," "
"8c77b7c300a924b1a81faea2de5b25a7","Bacteria"," Actinobacteria"," Actinobacteria"," Actinomycetales"," Micromonosporaceae"," Virgisporangium"," ochraceum"
"882f36650d5aca531595b4ad233f6c76","Bacteria"," Actinobacteria"," Actinobacteria"," Actinomycetales"," Frankiaceae"," "," "
"90c9ab785a5a9756f23fa6f12d2af33a","Bacteria"," Actinobacteria"," Actinobacteria"," Actinomycetales"," Micromonosporaceae"," "," "
"d9bad3a36eb799f9f717d7740d5bf819","Bacteria"," Actinobacteria"," Actinobacteria"," Actinomycetales"," Frankiaceae"," Frankia"," "
"f55615b21735bf1b2ea34a95b83450ab","Bacteria"," Actinobacteria"," Actinobacteria"," Actinomycetales"," Tsukamurellaceae"," Tsukamurella"," "
"e1a77cdf90d079c1c1b088a852c31276","Bacteria"," Actinobacteria"," Actinobacteria"," Actinomycetales"," Dietziaceae"," Dietzia"," "
"a4d8aae6c62a3c909c3b046538ad69d8","Bacteria"," Actinobacteria"," Actinobacteria"," Actinomycetales"," Nocardiaceae"," "," "
"a8161929036d812d8d3cfac7146a7af6","Bacteria"," Actinobacteria"," Actinobacteria"," Actinomycetales"," Nocardiaceae"," "," "
"5126add80046324a9a8b6b91cad1ea77","Bacteria"," Actinobacteria"," Actinobacteria"," Actinomycetales"," Nocardiaceae"," Nocardia"," "
"42e910fd88e430757b665176b882020b","Bacteria"," Actinobacteria"," Actinobacteria"," Actinomycetales"," Nocardiaceae"," "," "
"e507cb6923c571493dd6d873c3dc99b7","Bacteria"," Actinobacteria"," Actinobacteria"," Actinomycetales"," Nocardiaceae",NA,NA
"c10a785ff805af6a6b1a669746077627","Bacteria"," Actinobacteria"," Actinobacteria"," Actinomycetales"," Dietziaceae"," "," "
"705991219eb689585b6b3f51358584ca","Bacteria"," Actinobacteria"," Actinobacteria"," Actinomycetales"," Dietziaceae"," "," "
"31f71ce5b3e181687916a3ce57c0e880","Bacteria"," Actinobacteria"," Actinobacteria"," Actinomycetales"," Dietziaceae"," Dietzia"," "
"caa5a6d32b83e35ac5e8e9aa20d073a7","Bacteria"," Actinobacteria"," Actinobacteria"," Actinomycetales"," Dietziaceae"," "," "
"e437ae9ee8275e1b3b00de0df07fd65b","Bacteria"," Actinobacteria"," Actinobacteria"," Actinomycetales"," Dietziaceae"," Dietzia"," "
"5502fab5ea28231060c04e16998f9276","Bacteria"," Actinobacteria"," Actinobacteria"," Actinomycetales"," Dietziaceae"," Dietzia"," "
"bdeb9bce01148846a7a442dac9048360","Bacteria"," Actinobacteria"," Actinobacteria"," Actinomycetales"," Gordoniaceae"," Gordonia"," "
"14a0317cf248034260441d4b1d894eb3","Bacteria"," Actinobacteria"," Actinobacteria"," Actinomycetales"," Gordoniaceae"," Gordonia"," "
"e7423ab55243084eaad5b4b9dc3efe9d","Bacteria"," Actinobacteria"," Actinobacteria"," Actinomycetales"," Gordoniaceae"," Gordonia"," "
"d656c73ed048ac0cacedabe4b3362c80","Bacteria"," Actinobacteria"," Actinobacteria"," Actinomycetales"," Gordoniaceae"," Gordonia"," "
"f980cc578b0dd92074f7e021937ffc87","Bacteria"," Actinobacteria"," Actinobacteria"," Actinomycetales"," Dietziaceae"," "," "
"9066e0b3cd4e59fe24caad967dc61973","Bacteria"," Actinobacteria"," Actinobacteria"," Actinomycetales"," Nocardiaceae"," Rhodococcus",NA
"09de3dde6c465b74bcb8e6f8a478e4e0","Bacteria"," Actinobacteria"," Actinobacteria"," Actinomycetales"," Nocardiaceae"," Rhodococcus"," fascians"
"08592222736fff4dfbcb7d3d381567b1","Bacteria"," Actinobacteria"," Actinobacteria"," Actinomycetales"," Nocardiaceae"," Rhodococcus"," "
"146195f72933e590d98b89c38d6eda33","Bacteria"," Actinobacteria"," Actinobacteria"," Actinomycetales"," Geodermatophilaceae",NA,NA
"a1e8fa809b56df27637499c27b93fc46","Bacteria"," Actinobacteria"," Actinobacteria"," Actinomycetales"," Geodermatophilaceae"," Modestobacter"," "
"03e9f6db04a61c4f8a17d2068972f6ac","Bacteria"," Actinobacteria"," Actinobacteria"," Actinomycetales"," Geodermatophilaceae"," Modestobacter"," "
"198a0d72458edf8c66d7b60ec7012726","Bacteria"," Actinobacteria"," Actinobacteria"," Actinomycetales"," Streptomycetaceae"," Streptomyces"," "
"020a94d69ebfddc17d8e0b45d9d140ee","Bacteria"," Actinobacteria"," Actinobacteria"," Actinomycetales"," Streptomycetaceae"," Streptomyces"," "
"c8183367bffb7de1e4c8917a9fc3f6c2","Bacteria"," Actinobacteria"," Actinobacteria"," Actinomycetales",NA,NA,NA
"6bd7cfaff55acae5646df8df0959c841","Bacteria"," Actinobacteria"," Actinobacteria"," Actinomycetales"," Pseudonocardiaceae"," Pseudonocardia"," halophobica"
"0ea285f4cfb12176592474b8ecd0f391","Bacteria"," Actinobacteria"," Actinobacteria"," Actinomycetales"," Pseudonocardiaceae"," Pseudonocardia"," "
"0b5c340759b963996408dd4e1f2dc4c2","Bacteria"," Actinobacteria"," Actinobacteria"," Actinomycetales"," Pseudonocardiaceae"," Pseudonocardia"," "
"1c7a5248b18573f28b2901a63298dbc7","Bacteria"," Actinobacteria"," Actinobacteria"," Actinomycetales"," Pseudonocardiaceae"," Actinomycetospora"," "
"a88c7185aef3702edc0b54f1fd4107df","Bacteria"," Actinobacteria"," Actinobacteria"," Actinomycetales"," Pseudonocardiaceae"," Pseudonocardia"," "
"282dd7867741c58a5b4084ad8dcf416e","Bacteria"," Actinobacteria"," Actinobacteria"," Bifidobacteriales"," Bifidobacteriaceae"," Gardnerella"," "
"a8e53bd66879cd51ecb4e7daf552accb","Bacteria"," Actinobacteria"," Actinobacteria"," Bifidobacteriales"," Bifidobacteriaceae"," Gardnerella"," "
"0ad98b0e64ddc421ea0bb94f2648f507","Bacteria"," Actinobacteria"," Actinobacteria"," Actinomycetales"," Dermacoccaceae"," Dermacoccus"," "
"ecfc5812c430a69c403672d746f03ccb","Bacteria"," Actinobacteria"," Actinobacteria"," Actinomycetales"," Dermacoccaceae"," Dermacoccus"," "
"32e7092277479dd9939ab309a23d83d1","Bacteria"," Actinobacteria"," Actinobacteria"," Actinomycetales",NA,NA,NA
"7f47f2ef0e7a352f1368db522844717d","Bacteria"," Actinobacteria"," Actinobacteria"," Actinomycetales"," Dermacoccaceae"," Dermacoccus"," "
"a9907e5f66f2432f46f6a51b2f37664e","Bacteria"," Actinobacteria"," Actinobacteria"," Actinomycetales"," Intrasporangiaceae"," "," "
"a7da93a9744a7863292bcf97d47b6a10","Bacteria"," Actinobacteria"," Actinobacteria"," Actinomycetales"," Intrasporangiaceae"," Janibacter"," "
"aaecf496949422aef203c63e9329dd79","Bacteria"," Actinobacteria"," Actinobacteria"," Actinomycetales"," Intrasporangiaceae",NA,NA
"f527af6b382d2df2e1ba7a1abec8e04e","Bacteria"," Actinobacteria"," Actinobacteria"," Actinomycetales"," Intrasporangiaceae"," Phycicoccus"," "
"9f3a4f155baf0ed6edb900bca0615674","Bacteria"," Actinobacteria"," Actinobacteria"," Actinomycetales"," Intrasporangiaceae"," Janibacter"," "
"05b18ec772b1068d4e5af85a64eaed0f","Bacteria"," Actinobacteria"," Actinobacteria"," Actinomycetales"," Dermabacteraceae"," Brachybacterium"," "
"f330e765325ac47997066c79007f76b7","Bacteria"," Actinobacteria"," Actinobacteria"," Actinomycetales"," Dermabacteraceae"," Brachybacterium"," conglomeratum"
"57d717789b00b69bc62c3f74e57f03a5","Bacteria"," Actinobacteria"," Actinobacteria"," Actinomycetales"," Kineosporiaceae"," "," "
"1354d8eddb9222983aca5a2fd2c6c7a5","Bacteria"," Actinobacteria"," Actinobacteria"," Actinomycetales"," Brevibacteriaceae"," Brevibacterium",NA
"ae86f695fba3b7a5a5882a655b6e028e","Bacteria"," Actinobacteria"," Actinobacteria"," Actinomycetales"," Brevibacteriaceae"," Brevibacterium"," aureum"
"193ba18257edcea034b05f6e952b8246","Bacteria"," Actinobacteria"," Actinobacteria"," Actinomycetales",NA,NA,NA
"6f61a199c47fab5bdbfdc305c505d4e2","Bacteria"," Actinobacteria"," Actinobacteria"," Actinomycetales"," Sanguibacteraceae"," Sanguibacter"," "
"497a26126c9e726c768bdec79e8c4e9b","Bacteria"," Actinobacteria"," Actinobacteria"," Actinomycetales"," Microbacteriaceae"," Curtobacterium"," "
"7c9260cb39c10fef45b09ad77d5adb8f","Bacteria"," Actinobacteria"," Actinobacteria"," Actinomycetales"," Microbacteriaceae"," Salinibacterium"," "
"b701af8d98ca714dab16ab6724bb631a","Bacteria"," Actinobacteria"," Actinobacteria"," Actinomycetales"," Microbacteriaceae"," Salinibacterium"," "
"b503d76e5f6f07ddb15148a5631658e8","Bacteria"," Actinobacteria"," Actinobacteria"," Actinomycetales"," Microbacteriaceae"," Leucobacter"," "
"779905b0839fa2f8329fb686c64aad89","Bacteria"," Actinobacteria"," Actinobacteria"," Actinomycetales"," Microbacteriaceae",NA,NA
"0ebeccc6941952e3d95feafd6cabc506","Bacteria"," Actinobacteria"," Actinobacteria"," Actinomycetales"," "," "," "
"50fb93dad525b440dc193bc631872eba","Bacteria"," Actinobacteria"," Actinobacteria"," Actinomycetales"," Nocardioidaceae"," "," "
"cec2b53a478c65984fc5aaa6c8ad9f54","Bacteria"," Actinobacteria"," Actinobacteria"," Actinomycetales"," Nocardioidaceae"," "," "
"c1f8c0cd24f10ec867fd915b17f16bd0","Bacteria"," Actinobacteria"," Actinobacteria"," Actinomycetales"," Nocardioidaceae"," Aeromicrobium"," "
"b03ece0c3a18218fe296de42991a28b0","Bacteria"," Acidobacteria"," Acidobacteria-6"," iii1-15"," "," "," "
"54020de1a2128769e363d30add67582c","Bacteria"," [Thermi]"," Deinococci"," Deinococcales"," Deinococcaceae"," Deinococcus"," "
"eebb52f42d6873da654982c66737bd96","Bacteria"," [Thermi]"," Deinococci"," Deinococcales"," Deinococcaceae"," Deinococcus"," "
"21d83670d9bba35d55ea08972cad3ba4","Bacteria"," [Thermi]"," Deinococci"," Deinococcales"," Deinococcaceae"," Deinococcus"," geothermalis"
"4952839624d8d9077d8e9e6abeb11899","Bacteria"," Proteobacteria"," Gammaproteobacteria"," Chromatiales"," Ectothiorhodospiraceae"," "," "
"a0e71fa5979624888249cb7520986529","Bacteria"," Proteobacteria"," Gammaproteobacteria"," Thiotrichales"," Thiotrichaceae"," Thiothrix"," "
"38eaa8f3d127290bf06b9a82171c37c0","Bacteria"," Proteobacteria"," Gammaproteobacteria"," Enterobacteriales"," Enterobacteriaceae"," Proteus"," "
"bb7e5c6df18c100b97f890fc35eb2911","Bacteria"," Proteobacteria"," Gammaproteobacteria"," Enterobacteriales"," Enterobacteriaceae"," Proteus"," "
"b4bb370a59f2637d406ccc0f5a1b2a1e","Bacteria"," Proteobacteria"," Gammaproteobacteria"," Enterobacteriales"," Enterobacteriaceae"," Morganella"," morganii"
"0a13c1a9a57062b465560a397eb91b23","Bacteria"," Proteobacteria"," Gammaproteobacteria"," Alteromonadales"," [Chromatiaceae]"," Alishewanella"," "
"95e40ccc424c7c7e3b64a70bed6b64d7","Bacteria"," Proteobacteria"," Gammaproteobacteria"," Alteromonadales"," [Chromatiaceae]"," Rheinheimera"," "
"04175f386c14319829ffb23d5c188b2a","Bacteria"," Proteobacteria"," Gammaproteobacteria"," Alteromonadales"," [Chromatiaceae]"," Rheinheimera"," "
"fb5c2aa7e7a97d1ba29b2c9405cb6a41","Bacteria"," Proteobacteria"," Gammaproteobacteria"," Enterobacteriales"," Enterobacteriaceae",NA,NA
"20dd27f476199a8bb9c45216d79193e6","Bacteria"," Proteobacteria"," Gammaproteobacteria"," Enterobacteriales"," Enterobacteriaceae",NA,NA
"4552af3e905206840cf8b67bcaf2693f","Bacteria"," Proteobacteria"," Gammaproteobacteria"," Enterobacteriales"," Enterobacteriaceae"," Erwinia"," "
"cc761daf51f27c423da57f3f1f0ff5cc","Bacteria"," Proteobacteria"," Gammaproteobacteria"," Enterobacteriales"," Enterobacteriaceae"," Erwinia"," "
"325b4d7fac7f2d2d18bceaf80b945bbe","Bacteria"," Proteobacteria"," Gammaproteobacteria"," Enterobacteriales"," Enterobacteriaceae"," Erwinia"," "
"d817c1c9b1a55b6af451568e6e5fa39e","Bacteria"," Proteobacteria"," Gammaproteobacteria"," Enterobacteriales"," Enterobacteriaceae"," Trabulsiella",NA
"d46e2205f0c6ecf67b51f83d111c509c","Bacteria"," Proteobacteria"," Gammaproteobacteria"," Enterobacteriales"," Enterobacteriaceae"," "," "
"82dece6e35540738ba450a0c3a90b5a0","Bacteria"," Proteobacteria"," Gammaproteobacteria"," Enterobacteriales"," Enterobacteriaceae"," Serratia"," marcescens"
"afc5b7dd2a2071a113a61be175ea4a4f","Bacteria"," Proteobacteria"," Gammaproteobacteria"," Enterobacteriales"," Enterobacteriaceae"," Dickeya"," "
"8207f9eeb386174a8c63cdd19874bfb5","Bacteria"," Proteobacteria"," Gammaproteobacteria"," Enterobacteriales"," Enterobacteriaceae"," Dickeya"," "
"aacb53d09c8d0cb61525564201601f33","Bacteria"," Proteobacteria"," Gammaproteobacteria"," Enterobacteriales"," Enterobacteriaceae",NA,NA
"6110f28a1de867a9983a8a28ecf4e533","Bacteria"," Proteobacteria"," Gammaproteobacteria"," Enterobacteriales"," Enterobacteriaceae"," Erwinia"," "
"0697533792974c410abe92b31253acbb","Bacteria"," Proteobacteria"," Gammaproteobacteria"," Enterobacteriales"," Enterobacteriaceae",NA,NA
"8fc29f8f62a6dcd4b46977a3a7b0ff60","Bacteria"," Proteobacteria"," Gammaproteobacteria"," Enterobacteriales"," Enterobacteriaceae",NA,NA
"4cbfff144d4e7a4e0f4619ed505be070","Bacteria"," Proteobacteria"," Gammaproteobacteria"," Enterobacteriales"," Enterobacteriaceae"," Salmonella"," enterica"
"e8496fd359afa9479908aeaeb31e7ec0","Bacteria"," Proteobacteria"," Gammaproteobacteria"," Enterobacteriales"," Enterobacteriaceae"," Brenneria"," quercina"
"63afe8e6aac58bf0d670a82ca5bc574c","Bacteria"," Proteobacteria"," Gammaproteobacteria"," Enterobacteriales"," Enterobacteriaceae",NA,NA
"8076f3e7e8d431a550d3cd9ee28b4780","Bacteria"," Proteobacteria"," Gammaproteobacteria"," Pasteurellales"," Pasteurellaceae"," "," "
"4ce8d754693f0217b2eb2bda5e9a068e","Bacteria"," Proteobacteria"," Gammaproteobacteria"," Pasteurellales"," Pasteurellaceae"," "," "
"a489124777aa0deb02e6bf0ce2a0251a","Bacteria"," Proteobacteria"," Gammaproteobacteria"," Pasteurellales"," Pasteurellaceae"," Mannheimia"," "
"b05b3e8f8585551850e7420524a4671c","Bacteria"," Proteobacteria"," Gammaproteobacteria"," Pasteurellales"," Pasteurellaceae",NA,NA
"f3384f1f36a908bd09b3c265bac26f8c","Bacteria"," Proteobacteria"," Gammaproteobacteria"," Pasteurellales"," Pasteurellaceae"," Aggregatibacter"," "
"ae2fb3d8606508f511e1dad279dfd254","Bacteria"," Proteobacteria"," Gammaproteobacteria"," Enterobacteriales"," Enterobacteriaceae"," Arsenophonus",NA
"a6e5f1a401e9e6beb2755ab4e9d128e5","Bacteria"," Proteobacteria"," Gammaproteobacteria"," Enterobacteriales"," Enterobacteriaceae"," Arsenophonus",NA
"48e20e2ba7fc9bf3d1903f3e633491c2","Bacteria"," Proteobacteria"," Gammaproteobacteria"," Enterobacteriales"," Enterobacteriaceae"," Arsenophonus",NA
"f1ecac90fa6961bde75acc985fdaa9b9","Bacteria"," Proteobacteria"," Gammaproteobacteria"," Enterobacteriales"," Enterobacteriaceae"," Arsenophonus",NA
"2f8ca879411dade0ebbfa255d9b792ea","Bacteria"," Proteobacteria"," Gammaproteobacteria"," Enterobacteriales"," Enterobacteriaceae"," Arsenophonus",NA
"1fdd38ec03d7f45d84df4526e0e482a1","Bacteria"," Proteobacteria"," Gammaproteobacteria"," Enterobacteriales"," Enterobacteriaceae"," Arsenophonus",NA
"48257e1a09cc93e51886b87d67073b05","Bacteria"," Proteobacteria"," Gammaproteobacteria"," Enterobacteriales"," Enterobacteriaceae"," Arsenophonus",NA
"dab4d39560222667d0f62fdbe522b89f","Bacteria"," Proteobacteria"," Gammaproteobacteria"," Enterobacteriales"," Enterobacteriaceae"," Arsenophonus",NA
"71cfdf17dba2497f90018f716ed45727","Bacteria"," Proteobacteria"," Gammaproteobacteria"," Enterobacteriales"," Enterobacteriaceae"," Arsenophonus"," Arsenophonus endosymbiont of Dermacentor variabilis"
"4bc6d6edbf3464c0a5e8158f9d45d408","Bacteria"," Proteobacteria"," Gammaproteobacteria"," Enterobacteriales"," Enterobacteriaceae"," Arsenophonus"," Arsenophonus endosymbiont of Dermacentor variabilis"
"d17136242e12a2860f240e5de2266710","Bacteria"," Proteobacteria"," Gammaproteobacteria"," Enterobacteriales"," Enterobacteriaceae"," Arsenophonus"," Arsenophonus endosymbiont of Dermacentor variabilis"
"9c85649c91e8a850bfba8042377e12dd","Bacteria"," Proteobacteria"," Gammaproteobacteria"," Enterobacteriales"," Enterobacteriaceae"," Arsenophonus"," "
"2144fc741662ecbfadf4ea5dadea4f22","Bacteria"," Proteobacteria"," Gammaproteobacteria"," Enterobacteriales"," Enterobacteriaceae"," Arsenophonus"," "
"c84befa17a049d4ef71715c17afd24a3","Bacteria"," Proteobacteria"," Gammaproteobacteria"," Enterobacteriales"," Enterobacteriaceae"," Arsenophonus"," "
"399ef8cb6ab056f6dc91ea4b2d984d58","Bacteria"," Proteobacteria"," Gammaproteobacteria"," Enterobacteriales"," Enterobacteriaceae"," Arsenophonus"," "
"b2c14b1de8d42a76266166e3900280a9","Bacteria"," Proteobacteria"," Gammaproteobacteria"," Enterobacteriales"," Enterobacteriaceae"," Arsenophonus"," "
"5745b1083f2a92169d1df87e28a16ad9","Bacteria"," Proteobacteria"," Gammaproteobacteria"," Enterobacteriales"," Enterobacteriaceae"," Arsenophonus"," "
"79c13f0e577affbfaaeab2c97a5f46e2","Bacteria"," Proteobacteria"," Gammaproteobacteria"," Enterobacteriales"," Enterobacteriaceae"," Arsenophonus"," "
"5d46706d554862aad79124e3e298f84b","Bacteria"," Proteobacteria"," Gammaproteobacteria"," Enterobacteriales"," Enterobacteriaceae"," Arsenophonus"," "
"7f295f9b11d28734624399e8d606f698","Bacteria"," Proteobacteria"," Gammaproteobacteria"," Enterobacteriales"," Enterobacteriaceae"," Arsenophonus"," "
"d17a06544dc273b92099840d7c0882f5","Bacteria"," Proteobacteria"," Gammaproteobacteria"," Enterobacteriales"," Enterobacteriaceae"," Arsenophonus"," "
"fdef5090407e606d21bf276f9cd076f4","Bacteria"," Proteobacteria"," Gammaproteobacteria"," Enterobacteriales"," Enterobacteriaceae"," Arsenophonus",NA
"990fdaf4edc4ce945be1a3559cfcbb40","Bacteria"," Proteobacteria"," Gammaproteobacteria"," Enterobacteriales"," Enterobacteriaceae"," Arsenophonus",NA
"3b82418a9320721ee7db5412b0189837","Bacteria"," Proteobacteria"," Gammaproteobacteria"," Enterobacteriales"," Enterobacteriaceae"," Arsenophonus",NA
"21b4956297c79c6aabe5d44787ace1f3","Bacteria"," Proteobacteria"," Gammaproteobacteria"," Enterobacteriales"," Enterobacteriaceae"," Arsenophonus",NA
"851a75fbbeb3f8356415ea7323c4cfe2","Bacteria"," Proteobacteria"," Gammaproteobacteria"," Enterobacteriales"," Enterobacteriaceae"," Arsenophonus",NA
"f77bf05226fde971b503bc889c85d820","Bacteria"," Proteobacteria"," Gammaproteobacteria"," Enterobacteriales"," Enterobacteriaceae"," Arsenophonus",NA
"6b644ab778253f3e7cea38ab1587a613","Bacteria"," Proteobacteria"," Gammaproteobacteria"," Enterobacteriales"," Enterobacteriaceae"," Arsenophonus",NA
"843b684e28d1f6be0d0355a994d303e6","Bacteria"," Proteobacteria"," Gammaproteobacteria"," Enterobacteriales"," Enterobacteriaceae"," Arsenophonus",NA
"4b6268b57417a200784f452bb8910bb6","Bacteria"," Proteobacteria"," Gammaproteobacteria"," Enterobacteriales"," Enterobacteriaceae"," Arsenophonus",NA
"916685eede77465ca071dae3ada1ab08","Bacteria"," Proteobacteria"," Gammaproteobacteria"," Enterobacteriales"," Enterobacteriaceae"," Arsenophonus",NA
"8b09a15e1fd794f01fcb193bf54e175d","Bacteria"," Proteobacteria"," Gammaproteobacteria"," Enterobacteriales"," Enterobacteriaceae"," Arsenophonus",NA
"b55dfe98eaaab438dd0aff19c5e47846","Bacteria"," Proteobacteria"," Gammaproteobacteria"," Enterobacteriales"," Enterobacteriaceae"," Arsenophonus"," "
"92175e5d2fc5f7bd8dc2f91687d071f2","Bacteria"," Proteobacteria"," Gammaproteobacteria"," Enterobacteriales"," Enterobacteriaceae"," Arsenophonus"," "
"dd9916610eb7189bc3aa6a6a5c920ede","Bacteria"," Proteobacteria"," Gammaproteobacteria"," Enterobacteriales"," Enterobacteriaceae"," Arsenophonus"," "
"d6a6914b443ac9147da334ece6f27d8c","Bacteria"," Proteobacteria"," Gammaproteobacteria"," Enterobacteriales"," Enterobacteriaceae"," Arsenophonus"," "
"7952b51c9555ba2b8bb27423ae23c681","Bacteria"," Proteobacteria"," Gammaproteobacteria"," Enterobacteriales"," Enterobacteriaceae"," Arsenophonus"," "
"39c5f3588f45997158bb9ba904079b26","Bacteria"," Proteobacteria"," Gammaproteobacteria"," Enterobacteriales"," Enterobacteriaceae"," Arsenophonus"," "
"e9a5f10de1befe74057fee551f785f8e","Bacteria"," Proteobacteria"," Gammaproteobacteria"," Enterobacteriales"," Enterobacteriaceae"," Arsenophonus"," "
"6f6c0006faad63bd9bd001e705ae06af","Bacteria"," Proteobacteria"," Gammaproteobacteria"," Enterobacteriales"," Enterobacteriaceae"," Arsenophonus"," "
"e2cab07b566cbdf0971f60ae88c7be56","Bacteria"," Proteobacteria"," Gammaproteobacteria"," Enterobacteriales"," Enterobacteriaceae"," Arsenophonus"," "
"4741874d442116edc3b3ffa923f33212","Bacteria"," Proteobacteria"," Gammaproteobacteria"," Enterobacteriales"," Enterobacteriaceae"," Arsenophonus"," "
"82f8cc2d0a3257aa4dae6bcafd5e91a8","Bacteria"," Proteobacteria"," Gammaproteobacteria"," Enterobacteriales"," Enterobacteriaceae"," Arsenophonus"," "
"1578ab443a649dbd49d4bbd467cb438c","Bacteria"," Proteobacteria"," Gammaproteobacteria"," Enterobacteriales"," Enterobacteriaceae"," Arsenophonus"," "
"e34cc7a856211394eaa8abe5ce4d9765","Bacteria"," Proteobacteria"," Gammaproteobacteria"," Enterobacteriales"," Enterobacteriaceae"," Arsenophonus"," "
"514c479e5f8ad2434e65bfb42dd58cfb","Bacteria"," Proteobacteria"," Gammaproteobacteria"," Enterobacteriales"," Enterobacteriaceae"," Arsenophonus"," "
"529549165ed9d89d6ba57e3812afc2fb","Bacteria"," Proteobacteria"," Gammaproteobacteria"," Enterobacteriales"," Enterobacteriaceae"," Arsenophonus"," "
"5eb780f52ca704d0a40cb282a76b3049","Bacteria"," Proteobacteria"," Gammaproteobacteria"," Enterobacteriales"," Enterobacteriaceae"," Arsenophonus"," "
"eff0eeacb3e5ad59734f0aedc66e85a8","Bacteria"," Proteobacteria"," Gammaproteobacteria"," Enterobacteriales"," Enterobacteriaceae"," Arsenophonus"," "
"b0578b238f44dfb62654dbf1a0a8d900","Bacteria"," Proteobacteria"," Gammaproteobacteria"," Enterobacteriales"," Enterobacteriaceae"," Arsenophonus"," "
"1a0209d64b9a060f3b661425a77e2150","Bacteria"," Proteobacteria"," Gammaproteobacteria"," Enterobacteriales"," Enterobacteriaceae"," Arsenophonus"," "
"e7f8d30cd19a7dee2783619d7836a3bb","Bacteria"," Proteobacteria"," Gammaproteobacteria"," Enterobacteriales"," Enterobacteriaceae"," Arsenophonus"," "
"cc582d385c9d3559ddbd8d1114a05e66","Bacteria"," Proteobacteria"," Gammaproteobacteria"," Enterobacteriales"," Enterobacteriaceae"," Arsenophonus"," "
"794b821cfef11ba0f56a91616073b4fb","Bacteria"," Proteobacteria"," Gammaproteobacteria"," Enterobacteriales"," Enterobacteriaceae"," Arsenophonus"," "
"6e49e6e08d8d2b6fdfe05a499783a0a0","Bacteria"," Proteobacteria"," Gammaproteobacteria"," Enterobacteriales"," Enterobacteriaceae"," Arsenophonus"," "
"2eeedd3ddecfeaaba4690a6aa1819417","Bacteria"," Proteobacteria"," Gammaproteobacteria"," Enterobacteriales"," Enterobacteriaceae"," Arsenophonus"," "
"0a34a51154f38a4bcdebe83a70ba99a5","Bacteria"," Proteobacteria"," Gammaproteobacteria"," Enterobacteriales"," Enterobacteriaceae"," Arsenophonus"," "
"69fed26c36d854e940b05db6bee3b80a","Bacteria"," Proteobacteria"," Gammaproteobacteria"," Enterobacteriales"," Enterobacteriaceae"," Arsenophonus"," "
"0657f6a96ccac0a31482253b8849bafa","Bacteria"," Proteobacteria"," Gammaproteobacteria"," Enterobacteriales"," Enterobacteriaceae"," Arsenophonus"," "
"87731c679af7f65815a02a8743155b45","Bacteria"," Proteobacteria"," Gammaproteobacteria"," Enterobacteriales"," Enterobacteriaceae"," Arsenophonus"," "
"28af4deba0433163ef2c64b6773094a0","Bacteria"," Proteobacteria"," Gammaproteobacteria"," Enterobacteriales"," Enterobacteriaceae"," Arsenophonus"," "
"dbb9ac8845c51b3c50044c88c1f76138","Bacteria"," Proteobacteria"," Gammaproteobacteria"," Enterobacteriales"," Enterobacteriaceae"," Arsenophonus"," "
"8bc8ef77ac3a45201a4566d3a853490f","Bacteria"," Proteobacteria"," Gammaproteobacteria"," Enterobacteriales"," Enterobacteriaceae"," Arsenophonus"," "
"a5ec24cf77075af2eda97ece2fcf85de","Bacteria"," Proteobacteria"," Gammaproteobacteria"," Enterobacteriales"," Enterobacteriaceae"," Arsenophonus"," "
"ee5b7dd88e0298d961dc1958b07ceb9b","Bacteria"," Proteobacteria"," Gammaproteobacteria"," Enterobacteriales"," Enterobacteriaceae"," Arsenophonus"," "
"7d70da82f4b87d40e9104822bbb5a9bf","Bacteria"," Proteobacteria"," Gammaproteobacteria"," Enterobacteriales"," Enterobacteriaceae"," Arsenophonus",NA
"ffc53e2e9f868a5ac269215b36b708de","Bacteria"," Proteobacteria"," Gammaproteobacteria"," Enterobacteriales"," Enterobacteriaceae"," Arsenophonus",NA
"ab854552ae9e75bdbfb3d54e15ef59e1","Bacteria"," Proteobacteria"," Gammaproteobacteria"," Enterobacteriales"," Enterobacteriaceae"," Arsenophonus",NA
"2ad8b0e03fb69214a49ddf3ea4af71f8","Bacteria"," Proteobacteria"," Gammaproteobacteria"," Enterobacteriales"," Enterobacteriaceae"," Arsenophonus",NA
"d1c6fbf6e79e200dbcc47d48059cb6c0","Bacteria"," Proteobacteria"," Gammaproteobacteria"," Enterobacteriales"," Enterobacteriaceae"," Arsenophonus",NA
"6d58852c2041e2a4af0b393fc47e27ad","Bacteria"," Proteobacteria"," Gammaproteobacteria"," Enterobacteriales"," Enterobacteriaceae"," Arsenophonus",NA
"dd791dbcf1d5aa0a17ed0480616731f1","Bacteria"," Proteobacteria"," Gammaproteobacteria"," Enterobacteriales"," Enterobacteriaceae"," Arsenophonus"," "
"3a9a6ddea62d15d53e3a67a81194314b","Bacteria"," Proteobacteria"," Gammaproteobacteria"," Enterobacteriales"," Enterobacteriaceae"," Arsenophonus",NA
"a14a36630d849d85b23af89eda27bc62","Bacteria"," Proteobacteria"," Gammaproteobacteria"," Enterobacteriales"," Enterobacteriaceae"," Arsenophonus",NA
"411008248f474374f808cc195cf47604","Bacteria"," Proteobacteria"," Gammaproteobacteria"," Enterobacteriales"," Enterobacteriaceae"," Arsenophonus",NA
"91089f1a49c339911d262f7c56a833a1","Bacteria"," Proteobacteria"," Gammaproteobacteria"," Enterobacteriales"," Enterobacteriaceae"," Arsenophonus",NA
"d84d7343b932d391dcd52e591bda075c","Bacteria"," Proteobacteria"," Gammaproteobacteria"," Enterobacteriales"," Enterobacteriaceae"," Arsenophonus",NA
"4bde29dfc56940579560ca97b0fa3638","Bacteria"," Proteobacteria"," Gammaproteobacteria"," Enterobacteriales"," Enterobacteriaceae"," Arsenophonus"," "
"a982617a5c0030719d63da96782e276d","Bacteria"," Proteobacteria"," Gammaproteobacteria"," Enterobacteriales"," Enterobacteriaceae"," Arsenophonus"," "
"3e762f59afc671b64d4c212cbd3cadb9","Bacteria"," Proteobacteria"," Gammaproteobacteria"," Enterobacteriales"," Enterobacteriaceae"," Arsenophonus",NA
"6892d27bb49ef36faf4413bb54d73505","Bacteria"," Proteobacteria"," Gammaproteobacteria"," Enterobacteriales"," Enterobacteriaceae"," Arsenophonus"," "
"664a7049a2e4a118eb151160cea91fa3","Bacteria"," Proteobacteria"," Gammaproteobacteria"," Enterobacteriales"," Enterobacteriaceae"," Arsenophonus",NA
"cde4c8f5b861444878a326a48dbac61e","Bacteria"," Proteobacteria"," Gammaproteobacteria"," Enterobacteriales"," Enterobacteriaceae"," Arsenophonus",NA
"992969b20da314a166dee62870ed6b9a","Bacteria"," Proteobacteria"," Gammaproteobacteria"," Enterobacteriales"," Enterobacteriaceae"," Arsenophonus",NA
"eb5ca3151b1cfd49020ba8f2da4a05c8","Bacteria"," Proteobacteria"," Gammaproteobacteria"," Enterobacteriales"," Enterobacteriaceae"," Arsenophonus",NA
"90ca77e7ea5cd096ec9bdfdde93d64a4","Bacteria"," Proteobacteria"," Gammaproteobacteria"," Enterobacteriales"," Enterobacteriaceae"," Arsenophonus",NA
"e40383ac0b501325dd07fe72bc3c71b0","Bacteria"," Proteobacteria"," Gammaproteobacteria"," Enterobacteriales"," Enterobacteriaceae"," Arsenophonus",NA
"53ca877805908f7499a109a783a92f6e","Bacteria"," Proteobacteria"," Gammaproteobacteria"," Enterobacteriales"," Enterobacteriaceae"," Arsenophonus",NA
"6c5cda3f43c75121e865d0e32939dd95","Bacteria"," Proteobacteria"," Gammaproteobacteria"," Enterobacteriales"," Enterobacteriaceae"," Arsenophonus",NA
"7c83df23f447160a9872380bac1d45a4","Bacteria"," Proteobacteria"," Gammaproteobacteria"," Enterobacteriales"," Enterobacteriaceae"," Arsenophonus",NA
"006e0c2abda5130f7993dffba141363b","Bacteria"," Proteobacteria"," Gammaproteobacteria"," Enterobacteriales"," Enterobacteriaceae"," Arsenophonus",NA
"98f1e18eb0be8bf578bce74ece4d9fe0","Bacteria"," Proteobacteria"," Gammaproteobacteria"," Enterobacteriales"," Enterobacteriaceae"," Arsenophonus",NA
"3b05a4054ffa862db006a43f6a6e9896","Bacteria"," Proteobacteria"," Gammaproteobacteria"," Enterobacteriales"," Enterobacteriaceae"," Arsenophonus",NA
"26c785402847bd23dc50c9782c28dba2","Bacteria"," Proteobacteria"," Gammaproteobacteria"," Enterobacteriales"," Enterobacteriaceae"," Arsenophonus",NA
"7a586f8f1c56a09342678ff8aeea0fd3","Bacteria"," Proteobacteria"," Gammaproteobacteria"," Enterobacteriales"," Enterobacteriaceae"," Arsenophonus",NA
"f7e35dc896b8beb40282944a46b5ef00","Bacteria"," Proteobacteria"," Gammaproteobacteria"," Enterobacteriales"," Enterobacteriaceae"," Arsenophonus",NA
"b1f20b26330721615af6f95347f94db4","Bacteria"," Proteobacteria"," Gammaproteobacteria"," Enterobacteriales"," Enterobacteriaceae"," Arsenophonus",NA
"2ae61c67f42403d4b8bc2937733a0d38","Bacteria"," Proteobacteria"," Gammaproteobacteria"," Enterobacteriales"," Enterobacteriaceae"," Arsenophonus",NA
"b73dd80246c0df775e40dbaec6a800d0","Bacteria"," Proteobacteria"," Gammaproteobacteria"," Enterobacteriales"," Enterobacteriaceae"," Arsenophonus",NA
"78aaf059422fbcc20912b44fbf8a6df8","Bacteria"," Proteobacteria"," Gammaproteobacteria"," Enterobacteriales"," Enterobacteriaceae"," Arsenophonus",NA
"654f30351c29647bb69375e06e8313ae","Bacteria"," Proteobacteria"," Gammaproteobacteria"," Enterobacteriales"," Enterobacteriaceae"," Arsenophonus",NA
"fcd6a25d25770ab8b9bfd595c828b6a0","Bacteria"," Proteobacteria"," Gammaproteobacteria"," Enterobacteriales"," Enterobacteriaceae"," Arsenophonus"," "
"43888216d20a7214bc364c9cac78c488","Bacteria"," Proteobacteria"," Gammaproteobacteria"," Enterobacteriales"," Enterobacteriaceae"," Arsenophonus",NA
"db7d168a3aa2d7036c8c6b43b1274611","Bacteria"," Proteobacteria"," Gammaproteobacteria"," Enterobacteriales"," Enterobacteriaceae"," Arsenophonus"," "
"f212e7c89ce96bc5c384e018f95a99f0","Bacteria"," Proteobacteria"," Gammaproteobacteria"," Enterobacteriales"," Enterobacteriaceae"," Arsenophonus",NA
"a008f5625bdae75db54eace963b8ec0d","Bacteria"," Proteobacteria"," Gammaproteobacteria"," Enterobacteriales"," Enterobacteriaceae"," Arsenophonus"," "
"063067f983a76bc050171dcb62a72e8d","Bacteria"," Proteobacteria"," Gammaproteobacteria"," Enterobacteriales"," Enterobacteriaceae"," Arsenophonus"," "
"7fc1c8c58f8fd6b3e218fdd85155393a","Bacteria"," Proteobacteria"," Gammaproteobacteria"," Enterobacteriales"," Enterobacteriaceae"," Arsenophonus",NA
"29065f49f611082201272c6d716881ca","Bacteria"," Proteobacteria"," Gammaproteobacteria"," Enterobacteriales"," Enterobacteriaceae"," Arsenophonus",NA
"f134a5bc6a48636ccc7fa65f3965eb6f","Bacteria"," Proteobacteria"," Gammaproteobacteria"," Enterobacteriales"," Enterobacteriaceae"," Arsenophonus",NA
"3043a1ee139320bc5018a11a5f217768","Bacteria"," Proteobacteria"," Gammaproteobacteria"," Enterobacteriales"," Enterobacteriaceae"," Arsenophonus",NA
"1f6783927afc44c21df7536d24e0c297","Bacteria"," Proteobacteria"," Gammaproteobacteria"," Enterobacteriales"," Enterobacteriaceae"," Arsenophonus",NA
"e4178633b3c50bb19e54ee3bdaaeeb7a","Bacteria"," Proteobacteria"," Gammaproteobacteria"," Enterobacteriales"," Enterobacteriaceae"," Arsenophonus",NA
"736dfac6a4e910b877fe966116190375","Bacteria"," Proteobacteria"," Gammaproteobacteria"," Enterobacteriales"," Enterobacteriaceae"," Arsenophonus",NA
"b39627d8ecf6051bda02634fecb9a7e5","Bacteria"," Proteobacteria"," Gammaproteobacteria"," Enterobacteriales"," Enterobacteriaceae"," Arsenophonus",NA
"6c8f0a108545eb177f7bbd9e1d30c385","Bacteria"," Proteobacteria"," Gammaproteobacteria"," Enterobacteriales"," Enterobacteriaceae"," Arsenophonus",NA
"3604f5afe150fb4bbf0001f5a310c388","Bacteria"," Proteobacteria"," Gammaproteobacteria"," Enterobacteriales"," Enterobacteriaceae"," Arsenophonus",NA
"08b42d640060c12445d2d1d67711732f","Bacteria"," Proteobacteria"," Gammaproteobacteria"," Enterobacteriales"," Enterobacteriaceae"," Arsenophonus",NA
"0a676cb657aad964376a1c4b5fc5cbc8","Bacteria"," Proteobacteria"," Gammaproteobacteria"," Enterobacteriales"," Enterobacteriaceae"," Arsenophonus",NA
"639a12db45771591797a8194e74b0ff3","Bacteria"," Proteobacteria"," Gammaproteobacteria"," Enterobacteriales"," Enterobacteriaceae"," Arsenophonus",NA
"8f617a221524544c116282a55566feae","Bacteria"," Proteobacteria"," Gammaproteobacteria"," Enterobacteriales"," Enterobacteriaceae"," Arsenophonus",NA
"a4951745f4414f52a8c2bd0b6f6d4622","Bacteria"," Proteobacteria"," Gammaproteobacteria"," Enterobacteriales"," Enterobacteriaceae"," Arsenophonus",NA
"b4a6a188096e6ded6a2adb600a0a070e","Bacteria"," Proteobacteria"," Gammaproteobacteria"," Enterobacteriales"," Enterobacteriaceae"," Arsenophonus",NA
"e4c61092b078ee295409d4a677b5b196","Bacteria"," Proteobacteria"," Gammaproteobacteria"," Enterobacteriales"," Enterobacteriaceae"," Arsenophonus",NA
"64fa991079cfe42455bbd6c0887c8918","Bacteria"," Proteobacteria"," Gammaproteobacteria"," Enterobacteriales"," Enterobacteriaceae"," Arsenophonus",NA
"2c3d467b726fb7a8bf46b3bc8b349b79","Bacteria"," Proteobacteria"," Gammaproteobacteria"," Enterobacteriales"," Enterobacteriaceae"," Arsenophonus",NA
"bb2134e1b7155ce5a635a6d16a084b28","Bacteria"," Proteobacteria"," Gammaproteobacteria"," Enterobacteriales"," Enterobacteriaceae"," Arsenophonus",NA
"7905d1adc6f99d48b551cba8035bae84","Bacteria"," Proteobacteria"," Gammaproteobacteria"," Enterobacteriales"," Enterobacteriaceae"," Arsenophonus",NA
"70b5b93600e7ea76861eefe0ba02ac27","Bacteria"," Proteobacteria"," Gammaproteobacteria"," Enterobacteriales"," Enterobacteriaceae"," Arsenophonus",NA
"e166afb28dc7d02ad14c2c5e8d0ec59a","Bacteria"," Proteobacteria"," Gammaproteobacteria"," Enterobacteriales"," Enterobacteriaceae"," Candidatus Phlomobacter"," "
"581bf6fd9ef12073956cd87e115ffc06","Bacteria"," Proteobacteria"," Gammaproteobacteria"," Enterobacteriales"," Enterobacteriaceae"," Arsenophonus",NA
"b22b33cb8d98b5d91ab0c094a189abe2","Bacteria"," Proteobacteria"," Gammaproteobacteria"," Enterobacteriales"," Enterobacteriaceae"," Arsenophonus"," Arsenophonus endosymbiont of Dermacentor variabilis"
"9aed3f7dd6461984fba3589efee4746c","Bacteria"," Proteobacteria"," Gammaproteobacteria"," Enterobacteriales"," Enterobacteriaceae"," Arsenophonus"," Arsenophonus endosymbiont of Dermacentor variabilis"
"569db2dd8e9a813aeeac2f5a441e1985","Bacteria"," Proteobacteria"," Gammaproteobacteria"," Enterobacteriales"," Enterobacteriaceae",NA,NA
"62bcafc0f396c7f0700fc8771af07bdb","Bacteria"," Proteobacteria"," Gammaproteobacteria"," Enterobacteriales"," Enterobacteriaceae",NA,NA
"e36030054830836144b99f970b0925d6","Bacteria"," Proteobacteria"," Gammaproteobacteria"," Enterobacteriales"," Enterobacteriaceae",NA,NA
"cdbf841727274b4e9155441a2c75cd49","Bacteria"," Proteobacteria"," Gammaproteobacteria"," Enterobacteriales"," Enterobacteriaceae"," Arsenophonus"," Arsenophonus endosymbiont of Dermacentor variabilis"
"186c07b820c907b7d9b48e5f1b8b5bc3","Bacteria"," Proteobacteria"," Gammaproteobacteria"," Enterobacteriales"," Enterobacteriaceae",NA,NA
"0d36199d14e9bc856ff9a9fb11bd5020","Bacteria"," Proteobacteria"," Gammaproteobacteria"," Enterobacteriales"," Enterobacteriaceae"," Candidatus Phlomobacter"," "
"7717f35ee64d38e0efb13942cd31c732","Bacteria"," Proteobacteria"," Gammaproteobacteria"," Enterobacteriales"," Enterobacteriaceae"," Candidatus Phlomobacter"," "
"ba3faad2f2dd62b44e585325750c61f6","Bacteria"," Proteobacteria"," Gammaproteobacteria"," Enterobacteriales"," Enterobacteriaceae"," Candidatus Phlomobacter"," "
"5f9804b49cb0f5c56064ff75110c046a","Bacteria"," Proteobacteria"," Gammaproteobacteria"," Enterobacteriales"," Enterobacteriaceae"," Candidatus Phlomobacter"," "
"7b418b7e718674cd68e8fc36a7fe80b7","Bacteria"," Proteobacteria"," Gammaproteobacteria"," Enterobacteriales"," Enterobacteriaceae"," Candidatus Phlomobacter"," "
"1e797c570fdb73d5dcd0eca2b28ef69e","Bacteria"," Proteobacteria"," Gammaproteobacteria"," Enterobacteriales"," Enterobacteriaceae"," Arsenophonus"," Arsenophonus endosymbiont of Dermacentor variabilis"
"83bf8634a1d23e8fb8b0063589ecee87","Bacteria"," Proteobacteria"," Gammaproteobacteria"," Enterobacteriales"," Enterobacteriaceae"," Arsenophonus"," Arsenophonus endosymbiont of Dermacentor variabilis"
"bb6e0815e48f9ce17e8c7e30a2cc4b34","Bacteria"," Proteobacteria"," Gammaproteobacteria"," Enterobacteriales"," Enterobacteriaceae"," Arsenophonus"," Arsenophonus endosymbiont of Dermacentor variabilis"
"8a0f6a02dc61f40d44d9668d938ed838","Bacteria"," Proteobacteria"," Gammaproteobacteria"," Enterobacteriales"," Enterobacteriaceae"," Arsenophonus",NA
"f788adf1483eab70a1f00d2801b7acf5","Bacteria"," Proteobacteria"," Gammaproteobacteria"," Enterobacteriales"," Enterobacteriaceae"," Arsenophonus"," Arsenophonus endosymbiont of Dermacentor variabilis"
"d499281c1023c0b66fb129013ebc3abf","Bacteria"," Proteobacteria"," Gammaproteobacteria"," Enterobacteriales"," Enterobacteriaceae"," Arsenophonus"," Arsenophonus endosymbiont of Dermacentor variabilis"
"1aea34eae3fc15eaca5feb973390d862","Bacteria"," Proteobacteria"," Gammaproteobacteria"," Enterobacteriales"," Enterobacteriaceae"," Arsenophonus"," Arsenophonus endosymbiont of Dermacentor variabilis"
"6ab64ec9b1a0b4564d030c7ebcd68dff","Bacteria"," Proteobacteria"," Gammaproteobacteria"," Enterobacteriales"," Enterobacteriaceae"," Arsenophonus"," Arsenophonus endosymbiont of Dermacentor variabilis"
"8c7578b1402fa8d1aeb0f6038b0a2476","Bacteria"," Proteobacteria"," Gammaproteobacteria"," Enterobacteriales"," Enterobacteriaceae"," Arsenophonus"," Arsenophonus endosymbiont of Dermacentor variabilis"
"6406bdba78be16069a1272077271cc0b","Bacteria"," Proteobacteria"," Gammaproteobacteria"," Enterobacteriales"," Enterobacteriaceae"," Arsenophonus"," Arsenophonus endosymbiont of Dermacentor variabilis"
"7d8d2b9124ecd0ccf2559315431afc71","Bacteria"," Proteobacteria"," Gammaproteobacteria"," Enterobacteriales"," Enterobacteriaceae"," Arsenophonus"," Arsenophonus endosymbiont of Dermacentor variabilis"
"2ca61ec33fbde854fc3346b7310df9fc","Bacteria"," Proteobacteria"," Gammaproteobacteria"," Enterobacteriales"," Enterobacteriaceae"," Arsenophonus"," Arsenophonus endosymbiont of Dermacentor variabilis"
"4df78a2814e440244dca1172f49177f1","Bacteria"," Proteobacteria"," Gammaproteobacteria"," Enterobacteriales"," Enterobacteriaceae"," Arsenophonus"," Arsenophonus endosymbiont of Dermacentor variabilis"
"8c662af30cd92ab687f61544f5063fd3","Bacteria"," Proteobacteria"," Gammaproteobacteria"," Enterobacteriales"," Enterobacteriaceae"," Arsenophonus"," Arsenophonus endosymbiont of Dermacentor variabilis"
"b7a63a86c9d75c8d4cd38e005574bed7","Bacteria"," Proteobacteria"," Gammaproteobacteria"," Enterobacteriales"," Enterobacteriaceae"," Candidatus Phlomobacter"," "
"fd26a450f01c44295c121dc095f84ed6","Bacteria"," Proteobacteria"," Gammaproteobacteria"," Enterobacteriales"," Enterobacteriaceae",NA,NA
"efa653a2dbc98ad5f53c19311888bbc5","Bacteria"," Proteobacteria"," Gammaproteobacteria"," Enterobacteriales"," Enterobacteriaceae",NA,NA
"b3428de9b02640ae853e37527895de6a","Bacteria"," Proteobacteria"," Gammaproteobacteria"," Enterobacteriales"," Enterobacteriaceae"," Candidatus Phlomobacter"," "
"7b06068466d0611fa7f1a73ad83dbcb7","Bacteria"," Proteobacteria"," Gammaproteobacteria"," Enterobacteriales"," Enterobacteriaceae"," Candidatus Phlomobacter"," "
"784a5152d1a5b08b823b43a96a460dd9","Bacteria"," Proteobacteria"," Gammaproteobacteria"," Vibrionales"," Vibrionaceae"," Vibrio",NA
"4e4a08323b4882d11329c203749a7f03","Bacteria"," Proteobacteria"," Gammaproteobacteria"," Legionellales"," Legionellaceae"," "," "
"dc87b8ee08fe5e211faf647434047156","Bacteria"," Proteobacteria"," Gammaproteobacteria"," Xanthomonadales"," Xanthomonadaceae"," Dokdonella"," "
"dda2f81232ee68b118d784e5e746a144","Bacteria"," Proteobacteria"," Gammaproteobacteria"," Xanthomonadales"," Xanthomonadaceae"," Rhodanobacter"," "
"ae190110cb738b311ffd882ca15c4252","Bacteria"," Proteobacteria"," Gammaproteobacteria"," Xanthomonadales"," Xanthomonadaceae"," "," "
"9e712dd4ed917df54f25cacf1c03a98d","Bacteria"," Proteobacteria"," Gammaproteobacteria"," Xanthomonadales"," Xanthomonadaceae"," "," "
"21ad41a274e73a166842de71b1227e5b","Bacteria"," Proteobacteria"," Gammaproteobacteria"," Xanthomonadales"," Xanthomonadaceae"," Luteimonas"," "
"7f1fc24634f1ecc6ec0d1164a104efed","Bacteria"," Proteobacteria"," Gammaproteobacteria"," Xanthomonadales"," Xanthomonadaceae"," Thermomonas"," "
"0736926158a5b845f52af10a7158bbaa","Bacteria"," Proteobacteria"," Gammaproteobacteria"," Xanthomonadales"," Xanthomonadaceae"," Thermomonas"," fusca"
"394962b765d3f25a4f20ed14bfa76817","Bacteria"," Proteobacteria"," Gammaproteobacteria"," Xanthomonadales"," Xanthomonadaceae"," Thermomonas"," "
"82a84b04152b17298d6fc943a3c09864","Bacteria"," Proteobacteria"," Gammaproteobacteria"," Xanthomonadales"," Xanthomonadaceae",NA,NA
"d7e0d0697b80003039c6965fc359fa8b","Bacteria"," Proteobacteria"," Gammaproteobacteria"," Xanthomonadales"," Xanthomonadaceae"," "," "
"53eaf84a691ddb63db304d72717702ca","Bacteria"," Proteobacteria"," Gammaproteobacteria"," Xanthomonadales"," Xanthomonadaceae"," "," "
"496ecde24f9ab698992413d3d4f04b5f","Bacteria"," Proteobacteria"," Gammaproteobacteria"," Xanthomonadales"," Xanthomonadaceae"," "," "
"70869d0feda2b000386a1851bdfcaffe","Bacteria"," Proteobacteria"," Gammaproteobacteria"," Xanthomonadales"," Xanthomonadaceae"," Dokdonella"," "
"64751537d920fcbd564dc8fa839d5e4f","Bacteria"," Proteobacteria"," Betaproteobacteria"," Procabacteriales"," Procabacteriaceae"," "," "
"b04520a3fc7ac399ec4ead140d3641e2","Bacteria"," Proteobacteria"," Gammaproteobacteria"," Pseudomonadales"," Moraxellaceae"," "," "
"ff69dd6b57359eb62d1117c0526ee81d","Bacteria"," Proteobacteria"," Gammaproteobacteria"," Pseudomonadales"," Moraxellaceae",NA,NA
"514cdbe70cd18323c380d06127c180df","Bacteria"," Proteobacteria"," Gammaproteobacteria"," Pseudomonadales"," Moraxellaceae"," "," "
"0136f7ecbfecab285b5c52cb04244b4c","Bacteria"," Proteobacteria"," Gammaproteobacteria"," Pseudomonadales"," Moraxellaceae"," Perlucidibaca"," "
"eb12d0b04ac0127b0a5f7ca2177caeb9","Bacteria"," Proteobacteria"," Gammaproteobacteria"," Pseudomonadales"," Moraxellaceae"," Alkanindiges"," "
"e0f610f0a2178215cf234a402fe826cb","Bacteria"," Proteobacteria"," Gammaproteobacteria"," Pseudomonadales"," Moraxellaceae"," Alkanindiges"," "
"dfde0f1494c9cb3a2e412883ab7ccdfa","Bacteria"," Proteobacteria"," Gammaproteobacteria"," Pseudomonadales"," Moraxellaceae"," Alkanindiges"," "
"705db2ee6cc56263f6e6e1072b43adbe","Bacteria"," Proteobacteria"," Betaproteobacteria"," "," "," "," "
"fde82a36dae9fb90dafc37f02bf19b47","Bacteria"," Proteobacteria"," Betaproteobacteria"," Methylophilales"," Methylophilaceae",NA,NA
"f5236f96db38a1fdf4db6aa762c613fb","Bacteria"," Proteobacteria"," Betaproteobacteria"," Rhodocyclales"," Rhodocyclaceae",NA,NA
"8678fa3a06998220d4612e2c31b51f03","Bacteria"," Proteobacteria"," Betaproteobacteria"," Rhodocyclales"," Rhodocyclaceae"," Zoogloea"," "
"d0719ab2213cc20352550299afa0f924","Bacteria"," Proteobacteria"," Betaproteobacteria"," Rhodocyclales"," Rhodocyclaceae"," "," "
"bc037cdf9f8fbc1e1383451ba6a3d713","Bacteria"," Proteobacteria"," Betaproteobacteria"," Rhodocyclales"," Rhodocyclaceae"," "," "
"5aec9bd35889489e4a05c78a82358060","Bacteria"," Proteobacteria"," Gammaproteobacteria"," Pseudomonadales"," Pseudomonadaceae"," "," "
"8fc50ffbd57fd3ee1d65074831ed2ee5","Bacteria"," Proteobacteria"," Gammaproteobacteria"," Pseudomonadales"," Pseudomonadaceae"," "," "
"5ee181e7af48fbffd85476b1eefd0472","Bacteria"," Proteobacteria"," Gammaproteobacteria"," Oceanospirillales"," Halomonadaceae"," Halomonas"," "
"cc9218769e5b98a23e0e449b6606bf26","Bacteria"," Proteobacteria"," Gammaproteobacteria"," Cardiobacteriales"," Cardiobacteriaceae"," Cardiobacterium"," "
"6adba91ec2c5619b4c0cdbc246bb45b1","Bacteria"," Acidobacteria"," [Chloracidobacteria]"," RB41"," Ellin6075"," "," "
"3918346e4ff10abc468cf6c137a0e3be","Bacteria"," Acidobacteria"," [Chloracidobacteria]"," RB41"," Ellin6075"," "," "
"dc3de6427c05bc40d91f0b8bd56c91f0","Bacteria"," Acidobacteria"," [Chloracidobacteria]"," RB41"," Ellin6075"," "," "
"51023c832d0cad43a510c1009fd1ceea","Bacteria"," Verrucomicrobia"," Verrucomicrobiae"," Verrucomicrobiales"," Verrucomicrobiaceae"," Luteolibacter"," "
"f01809bd56a5f37d5ff54010726261dc","Bacteria"," Verrucomicrobia"," [Spartobacteria]"," [Chthoniobacterales]"," [Chthoniobacteraceae]"," Ellin506"," "
"c5e29eed6f7ce5ce0a7eab6409d7797d","Bacteria"," Proteobacteria"," Deltaproteobacteria"," Bdellovibrionales"," Bdellovibrionaceae"," Bdellovibrio"," bacteriovorus"
"bc6058ad7eedb77edb19493935076056","Bacteria"," Proteobacteria"," Alphaproteobacteria"," Rhodospirillales"," Rhodospirillaceae"," "," "
"0ae5531a9802e71139c959faebdde10c","Bacteria"," Proteobacteria"," Alphaproteobacteria"," Rhodospirillales"," Rhodospirillaceae"," "," "
"f94e35f3a72a7eda2bd9cc0703494476","Bacteria"," Spirochaetes"," Spirochaetes"," Spirochaetales"," Spirochaetaceae"," Treponema"," "
"02f0f4e369291cf894eade80100c718c","Bacteria"," Proteobacteria"," Alphaproteobacteria"," BD7-3"," "," "," "
"d284bac4cc2eda94b8550de7c3d6da8a","Bacteria"," Proteobacteria"," Alphaproteobacteria"," BD7-3"," "," "," "
"1eb9d874b15bb6f7d3f3fbaf6baf80cb","Bacteria"," Proteobacteria"," Alphaproteobacteria"," Rickettsiales"," Rickettsiaceae"," Wolbachia"," "
"79f65c03d0b27dcfaad443232827e175","Bacteria"," Proteobacteria"," Alphaproteobacteria"," Rickettsiales"," Rickettsiaceae"," Wolbachia"," "
"9bd6b38174be13bed4d2888dd7a8839d","Bacteria"," Proteobacteria"," Alphaproteobacteria"," Rickettsiales"," Rickettsiaceae"," Wolbachia"," "
"3fd405a1e9ce072eb5df7c193b7729fe","Bacteria"," Proteobacteria"," Alphaproteobacteria"," Rickettsiales"," Rickettsiaceae"," Wolbachia"," Wolbachia endosymbiont of Chorthippus parallelus"
"f45bf89b93801f5aff782ce58e91e2f1","Bacteria"," Proteobacteria"," Alphaproteobacteria"," Rickettsiales"," Rickettsiaceae"," Wolbachia"," Wolbachia endosymbiont of Chorthippus parallelus"
"dd5730ea934a00113623a1c4623fabc6","Bacteria"," Proteobacteria"," Alphaproteobacteria"," Rickettsiales"," Rickettsiaceae"," Wolbachia"," Wolbachia endosymbiont of Chorthippus parallelus"
"93f3086617835e7d250e7c35294f018a","Bacteria"," Proteobacteria"," Alphaproteobacteria"," Rickettsiales"," Rickettsiaceae"," Wolbachia"," Wolbachia endosymbiont of Chorthippus parallelus"
"0ef3263e404d96b0d23e4e6b485bb4e3","Bacteria"," Proteobacteria"," Alphaproteobacteria"," Rickettsiales"," Rickettsiaceae"," Wolbachia"," Wolbachia endosymbiont of Chorthippus parallelus"
"ab24a3450abfe4cf0c5e0daeb1e1fe6a","Bacteria"," Proteobacteria"," Alphaproteobacteria"," Rickettsiales"," Rickettsiaceae"," Wolbachia"," Wolbachia endosymbiont of Chorthippus parallelus"
"89fb6cc3e324d449ad6989c7d0b0bb59","Bacteria"," Proteobacteria"," Alphaproteobacteria"," Rickettsiales"," Rickettsiaceae"," Wolbachia"," Wolbachia endosymbiont of Chorthippus parallelus"
"794c158745402557af0ad310da53600c","Bacteria"," Proteobacteria"," Alphaproteobacteria"," Rickettsiales"," Rickettsiaceae"," Wolbachia"," Wolbachia endosymbiont of Chorthippus parallelus"
"405432bc4bea47a157c8b3f660503925","Bacteria"," Proteobacteria"," Alphaproteobacteria"," Rickettsiales"," Rickettsiaceae"," Wolbachia"," Wolbachia endosymbiont of Chorthippus parallelus"
"abf6e709851cd444a2fcafccb0664edf","Bacteria"," Proteobacteria"," Alphaproteobacteria"," Rickettsiales"," Rickettsiaceae"," Wolbachia"," Wolbachia endosymbiont of Chorthippus parallelus"
"e526395683e57b3a11853b395dba478b","Bacteria"," Proteobacteria"," Alphaproteobacteria"," Rickettsiales"," Rickettsiaceae"," Wolbachia"," Wolbachia endosymbiont of Chorthippus parallelus"
"92c5bb1e26681dcfef195abd8f721c86","Bacteria"," Proteobacteria"," Alphaproteobacteria"," Rickettsiales"," Rickettsiaceae"," Wolbachia"," Wolbachia endosymbiont of Chorthippus parallelus"
"761a2c602d170e8f477a073a78c41f2b","Bacteria"," Proteobacteria"," Alphaproteobacteria"," Rickettsiales"," Rickettsiaceae"," Wolbachia"," Wolbachia endosymbiont of Chorthippus parallelus"
"b04021f7516c275225385a117bb6c3e0","Bacteria"," Proteobacteria"," Alphaproteobacteria"," Rickettsiales"," Rickettsiaceae"," Wolbachia"," Wolbachia endosymbiont of Chorthippus parallelus"
"4ae42313fb199e0065aaafd0747b1cb8","Bacteria"," Proteobacteria"," Alphaproteobacteria"," Rickettsiales"," Rickettsiaceae"," Wolbachia"," Wolbachia endosymbiont of Chorthippus parallelus"
"17f8e0b5293d3128c9b090e6d092cec7","Bacteria"," Proteobacteria"," Alphaproteobacteria"," Rickettsiales"," Rickettsiaceae"," Wolbachia"," Wolbachia endosymbiont of Chorthippus parallelus"
"7192d588ac4be34765dc8c31bdb04775","Bacteria"," Proteobacteria"," Alphaproteobacteria"," Rickettsiales"," Rickettsiaceae"," Wolbachia"," Wolbachia endosymbiont of Chorthippus parallelus"
"819924a816330f507d65e21e6cf1773e","Bacteria"," Proteobacteria"," Alphaproteobacteria"," Rickettsiales"," Rickettsiaceae"," Wolbachia"," Wolbachia endosymbiont of Chorthippus parallelus"
"c951cb34aa595ebc0174349a32944710","Bacteria"," Proteobacteria"," Alphaproteobacteria"," Rickettsiales"," Rickettsiaceae"," Wolbachia"," Wolbachia endosymbiont of Chorthippus parallelus"
"55514f2479a87a011058174d8eb9ac09","Bacteria"," Proteobacteria"," Alphaproteobacteria"," Rickettsiales"," Rickettsiaceae"," Wolbachia"," Wolbachia endosymbiont of Chorthippus parallelus"
"9796e4ba4e285a078f666be8a38acb27","Bacteria"," Proteobacteria"," Alphaproteobacteria"," Rickettsiales"," Rickettsiaceae"," Wolbachia"," Wolbachia endosymbiont of Chorthippus parallelus"
"288a680eb36524cc068d30e425173632","Bacteria"," Proteobacteria"," Alphaproteobacteria"," Rickettsiales"," Rickettsiaceae"," Wolbachia"," Wolbachia endosymbiont of Chorthippus parallelus"
"6b3f074bad963b76137ea89a1427b30c","Bacteria"," Proteobacteria"," Alphaproteobacteria"," Rickettsiales"," Rickettsiaceae"," Rickettsia"," "
"7bfd890d9ce5e946017d09f39816f1ec","Bacteria"," Proteobacteria"," Alphaproteobacteria"," Rickettsiales"," Rickettsiaceae"," Rickettsia",NA
"d04e195414878326264f106797e1ca30","Bacteria"," Proteobacteria"," Alphaproteobacteria"," Rickettsiales"," Rickettsiaceae"," Rickettsia"," "
"afe8a759a96ae8d1b56ab12295cbdcf8","Bacteria"," Proteobacteria"," Alphaproteobacteria"," Rickettsiales"," Rickettsiaceae"," Rickettsia"," "
"953455e03532e1110ea8344f71bad965","Bacteria"," Proteobacteria"," Alphaproteobacteria"," Rickettsiales"," Rickettsiaceae"," Rickettsia"," "
"2759e49cc0e2ceed5b6742986ab8633d","Bacteria"," Proteobacteria"," Alphaproteobacteria"," Rhodospirillales"," Rhodospirillaceae"," Azospirillum"," brasilense"
"0d85b6227631d0571f3fc4324e45f85f","Bacteria"," Proteobacteria"," Alphaproteobacteria"," Rhodospirillales"," Acetobacteraceae"," "," "
"11c089eaa1afb5ed601f4131e6625d74","Bacteria"," Proteobacteria"," Alphaproteobacteria"," Rhodospirillales"," Acetobacteraceae"," "," "
"e23c364fc82dfe4a28a7cc46bf21ce1e","Bacteria"," Proteobacteria"," Alphaproteobacteria"," Rhodospirillales"," Acetobacteraceae"," "," "
"b406b161657af45a82342c0e92e42113","Bacteria"," Proteobacteria"," Alphaproteobacteria"," Rhodospirillales"," Acetobacteraceae"," "," "
"7cd87e5ef8059b4d0e1ef3c8d3c30ec4","Bacteria"," Proteobacteria"," Alphaproteobacteria"," Rhodospirillales"," Acetobacteraceae"," "," "
"d457f952476341c8f1af7b048e3b2365","Bacteria"," Proteobacteria"," Alphaproteobacteria"," Rhodospirillales"," Acetobacteraceae"," "," "
"59d9c9ea8c5a878b2a30c364fade7c4d","Bacteria"," Proteobacteria"," Alphaproteobacteria"," Rhizobiales"," Bradyrhizobiaceae"," "," "
"c04e3ba28c560c42f3d4f6686f41070f","Bacteria"," Proteobacteria"," Alphaproteobacteria"," Rhizobiales"," Bradyrhizobiaceae"," "," "
"205e9006842d47d1a2d1caf6a96e0c88","Bacteria"," Proteobacteria"," Alphaproteobacteria"," Rhizobiales"," Bradyrhizobiaceae"," Balneimonas"," "
"7ead17a076e7b7b419bf50abe7eee3f4","Bacteria"," Proteobacteria"," Alphaproteobacteria"," Rhizobiales"," "," "," "
"a537d8bab85c83b0e74c73c55790324b","Bacteria"," Proteobacteria"," Alphaproteobacteria"," Caulobacterales"," Caulobacteraceae"," "," "
"c21e8f4b7b3a4831e61910dcd7c4395c","Bacteria"," Proteobacteria"," Alphaproteobacteria"," Caulobacterales"," Caulobacteraceae"," "," "
"f9a13452373922a5bad6ac529d158335","Bacteria"," Proteobacteria"," Alphaproteobacteria"," Rhizobiales"," "," "," "
"7b67480247e347857967ef3bd078d4e4","Bacteria"," Proteobacteria"," Alphaproteobacteria"," Rhodospirillales"," Rhodospirillaceae",NA,NA
"315543f28992a9bbe9f89979cddd4662","Bacteria"," Proteobacteria"," Alphaproteobacteria"," Rhizobiales"," Hyphomicrobiaceae"," Hyphomicrobium"," "
"753550be966b8a4d85f8e3456096c8d4","Bacteria"," Proteobacteria"," Alphaproteobacteria",NA,NA,NA,NA
"c406b77fea788bd2972c5fa3e5ebb994","Bacteria"," Proteobacteria"," Alphaproteobacteria"," Rhodobacterales"," Rhodobacteraceae"," Amaricoccus"," "
"01b44958dbdf8444f50b8de5367798d5","Bacteria"," Proteobacteria"," Alphaproteobacteria"," Rhodobacterales"," Rhodobacteraceae"," Amaricoccus"," "
"1610fbb6677fe5b73db2a38b50d26753","Bacteria"," Proteobacteria"," Alphaproteobacteria"," Rhodobacterales"," Rhodobacteraceae"," Rubellimicrobium"," "
"ffa99ab5e960df69a8449e2c199691f2","Bacteria"," Proteobacteria"," Alphaproteobacteria"," Rhodobacterales"," Rhodobacteraceae"," Rhodobacter"," "
"838f9b15d03dbd6dc65050aac63dd8d0","Bacteria"," Proteobacteria"," Alphaproteobacteria"," Rhodobacterales"," Hyphomonadaceae"," "," "
"1e2f6526aade1b144f211784b2698e81","Bacteria"," Proteobacteria"," Alphaproteobacteria"," Sphingomonadales"," Sphingomonadaceae"," "," "
"6719c321b9f97851886e1031bedc0f02","Bacteria"," Proteobacteria"," Alphaproteobacteria"," Sphingomonadales"," Sphingomonadaceae"," "," "
"b7c0d3e9acce3651a51a5e86cb18ab3f","Bacteria"," Proteobacteria"," Alphaproteobacteria"," Sphingomonadales"," Sphingomonadaceae",NA,NA
"e60b0e568e428313035cb855695c16f7","Bacteria"," Proteobacteria"," Alphaproteobacteria"," Sphingomonadales"," Sphingomonadaceae",NA,NA
"ba7b5d03d6feb3245377d14103b5ce6e","Bacteria"," Proteobacteria"," Alphaproteobacteria"," Sphingomonadales"," Erythrobacteraceae"," "," "
"bd620f578379d57386eca044c4d986b4","Bacteria"," Proteobacteria"," Alphaproteobacteria"," Sphingomonadales"," Sphingomonadaceae"," "," "
"664d93dad211871f5a8df1ede084dc26","Bacteria"," Proteobacteria"," Alphaproteobacteria"," Rhizobiales"," Methylocystaceae"," "," "
"246481be009bc1263c29d4309f3ffbd8","Bacteria"," Proteobacteria"," Alphaproteobacteria"," Rhizobiales"," Methylocystaceae"," "," "
"f09ab469825ff4da61fbc92615228a0e","Bacteria"," Proteobacteria"," Alphaproteobacteria"," Rhizobiales"," Methylocystaceae"," "," "
"f82ddb7154a89e23f7a80874f961bc88","Bacteria"," Proteobacteria"," Alphaproteobacteria"," Rhizobiales"," Bradyrhizobiaceae"," "," "
"6472eb8b1e09f892aca2f23182962903","Bacteria"," Proteobacteria"," Alphaproteobacteria"," Rhizobiales"," Bradyrhizobiaceae",NA,NA
"d4e418bf80be1142fbe9cc43c65e14ce","Bacteria"," Proteobacteria"," Alphaproteobacteria"," Rhizobiales",NA,NA,NA
"1a56ad3ec2b87cfbeaba8976be08b4b9","Bacteria"," Proteobacteria"," Alphaproteobacteria"," Rhizobiales"," Hyphomicrobiaceae"," Rhodoplanes"," "
"fa8aa0b6b1e2a962a62219d3da9ea8c9","Bacteria"," Proteobacteria"," Alphaproteobacteria"," Rhizobiales"," Beijerinckiaceae"," Beijerinckia"," "
"feb8a2866e107c9cf72fc44a85299cd3","Bacteria"," Proteobacteria"," Alphaproteobacteria"," Rhizobiales"," Beijerinckiaceae"," Beijerinckia"," "
"cb0de3f92a0bb309ddd28a9aef2488af","Bacteria"," Proteobacteria"," Alphaproteobacteria"," Rhizobiales"," Aurantimonadaceae"," "," "
"c5d89d59ea2012e0bccf7a47f3b9a10b","Bacteria"," Proteobacteria"," Alphaproteobacteria"," Rhizobiales"," Aurantimonadaceae"," "," "
"4ba6bad752253e930876e8c688e4d9fb","Bacteria"," Proteobacteria"," Alphaproteobacteria"," Rhizobiales"," Rhizobiaceae"," Agrobacterium"," "
"8ce12e88f6b59bb09494567f0d678092","Bacteria"," Proteobacteria"," Alphaproteobacteria"," Rhizobiales"," Rhizobiaceae"," Agrobacterium"," "
"e1c7d97fe13e9127d225d76a1feb8c78","Bacteria"," Proteobacteria"," Alphaproteobacteria"," Rhizobiales"," Rhizobiaceae"," Agrobacterium"," "
"06bb3fa895e072e060638ec1131d0d3c","Bacteria"," Proteobacteria"," Alphaproteobacteria"," Rhizobiales"," Rhizobiaceae"," Agrobacterium"," "
"fc6622c636a5210293fb2873fc4761d9","Bacteria"," Proteobacteria"," Alphaproteobacteria"," Rhizobiales"," Rhizobiaceae"," Agrobacterium"," "
"e1b95dfbf00b5e06de5ad2ba959c27a3","Bacteria"," Proteobacteria"," Alphaproteobacteria"," Rhizobiales"," Rhizobiaceae"," Agrobacterium"," "
"2967f435496436cebcddb43c47948cbc","Bacteria"," Proteobacteria"," Alphaproteobacteria"," Rhizobiales"," Bartonellaceae"," Bartonella"," "
"b77a05dc27ee849e932de1f7b0486d76","Bacteria"," Proteobacteria"," Alphaproteobacteria"," Rhizobiales"," Bartonellaceae"," Bartonella"," "
"e4c5cb987bd9266ec2e90dd0b14732f3","Bacteria"," Proteobacteria"," Alphaproteobacteria"," Rhizobiales"," Bartonellaceae"," Bartonella"," "
"36102385058a3cf7093bc7e1bf34d928","Bacteria"," Proteobacteria"," Alphaproteobacteria"," Rhizobiales"," Bartonellaceae"," Bartonella"," "
"08a5e537ebe471ef590afcf1c4d8b6e8","Bacteria"," Proteobacteria"," Alphaproteobacteria"," Rhizobiales"," Bartonellaceae"," Bartonella"," "
"4d83cac6f95714ef785571fcd6efe0eb","Bacteria"," Proteobacteria"," Alphaproteobacteria"," Rhizobiales"," Bartonellaceae"," Bartonella"," "
"1c40c0c40c1ac2296e244baa327aeba8","Bacteria"," Proteobacteria"," Alphaproteobacteria"," Rhizobiales"," Bartonellaceae"," Bartonella"," "
"b23501b6809716dbb0ada5d1775384bb","Bacteria"," Proteobacteria"," Alphaproteobacteria"," Rhizobiales"," Bartonellaceae"," Bartonella"," "
"33543c1c1c4c4d17e2496cc1a13b0755","Bacteria"," Proteobacteria"," Alphaproteobacteria"," Rhizobiales"," Bartonellaceae"," Bartonella"," "
"3680bca70615d57b50257b210f124cd4","Bacteria"," Proteobacteria"," Alphaproteobacteria"," Rhizobiales"," Bartonellaceae"," Bartonella"," "
"f3087807bf0203b7a3ccb99796c50bb8","Bacteria"," Proteobacteria"," Alphaproteobacteria"," Rhizobiales"," Bartonellaceae"," Bartonella"," "
"605ad643e92ff91fc32b89e78261a8e9","Bacteria"," Proteobacteria"," Alphaproteobacteria"," Rhizobiales"," Bartonellaceae"," Bartonella"," "
"a9ad76928180e69ba48c62304d125a6b","Bacteria"," Proteobacteria"," Alphaproteobacteria"," Rhizobiales"," Bartonellaceae"," Bartonella"," "
"1e331984534855898f81093a9c2e979f","Bacteria"," Proteobacteria"," Alphaproteobacteria"," Rhizobiales"," Bartonellaceae"," Bartonella"," "
"64460112eaec10581e86f57f713890f4","Bacteria"," Proteobacteria"," Alphaproteobacteria"," Rhizobiales"," Bartonellaceae"," Bartonella"," "
"05a6a362b30606327edc4e2df9a8068e","Bacteria"," Proteobacteria"," Alphaproteobacteria"," Rhizobiales"," Bartonellaceae"," Bartonella"," "
"ee8406fe75c7db10d5d6c5a78b370ca5","Bacteria"," Proteobacteria"," Alphaproteobacteria"," Rhizobiales"," Bartonellaceae"," Bartonella"," "
"61cdd5cb813298e9af00e2993c01a61d","Bacteria"," Proteobacteria"," Alphaproteobacteria"," Rhizobiales"," Bartonellaceae"," Bartonella"," "
"c2d7324f48d8a93153835b41509e1098","Bacteria"," Proteobacteria"," Alphaproteobacteria"," Rhizobiales"," Bartonellaceae"," Bartonella"," "
"46a85aead702c7448d68d944fd93d008","Bacteria"," Proteobacteria"," Alphaproteobacteria"," Rhizobiales"," Bartonellaceae"," Bartonella"," "
"c85e75e10e1a3b24c90b9e3397cf5453","Bacteria"," Proteobacteria"," Alphaproteobacteria"," Rhizobiales"," Bartonellaceae"," Bartonella"," "
"2e52f4a5d1efe52ab5b50c92ee1d8aaf","Bacteria"," Proteobacteria"," Alphaproteobacteria"," Rhizobiales"," Bartonellaceae"," Bartonella"," "
"cb7ff00601be355b3d72e0b06f8b81e6","Bacteria"," Proteobacteria"," Alphaproteobacteria"," Rhizobiales"," Bartonellaceae"," Bartonella"," "
"2b4a0f9fdc9049a02209d58545bd2910","Bacteria"," Proteobacteria"," Alphaproteobacteria"," Rhizobiales"," Bartonellaceae"," Bartonella"," "
"bd2e2e62ef5e29e072ec7398d7e906e3","Bacteria"," Proteobacteria"," Alphaproteobacteria"," Rhizobiales"," Bartonellaceae"," Bartonella"," "
"0ed7cb84e591b1d327b65064635d9700","Bacteria"," Proteobacteria"," Alphaproteobacteria"," Rhizobiales"," Bartonellaceae"," Bartonella"," "
"e4e7b81a95bd8892ed5085aa34c4ff35","Bacteria"," Proteobacteria"," Alphaproteobacteria"," Rhizobiales"," Bartonellaceae"," Bartonella"," "
"02bbc722f320f91b0db45d9ac97cb547","Bacteria"," Proteobacteria"," Alphaproteobacteria"," Rhizobiales"," Bartonellaceae"," Bartonella"," "
"05b04e0c3bcd435df6b1fe8a9818fa58","Bacteria"," Proteobacteria"," Alphaproteobacteria"," Rhizobiales"," Bartonellaceae"," Bartonella"," "
"56d03367321c20c9fa5e76e16dfef96a","Bacteria"," Proteobacteria"," Alphaproteobacteria"," Rhizobiales"," Bartonellaceae"," Bartonella"," "
"67ba0f41c2e9297aec6600d4d8899e74","Bacteria"," Proteobacteria"," Alphaproteobacteria"," Rhizobiales"," Bartonellaceae"," Bartonella"," "
"34ec6e97e0e010c33304a7e478bc21e8","Bacteria"," Proteobacteria"," Alphaproteobacteria"," Rhizobiales"," Bartonellaceae"," Bartonella"," "
"eb1b130aa88897d9809cb08574491281","Bacteria"," Proteobacteria"," Alphaproteobacteria"," Rhizobiales"," Bartonellaceae"," Bartonella"," "
"076cb4f34e62f39b1c55d86553d3b44b","Bacteria"," Proteobacteria"," Alphaproteobacteria"," Rhizobiales"," Bartonellaceae"," Bartonella"," "
"da6acf30ffefe04efaee4c7775840543","Bacteria"," Proteobacteria"," Alphaproteobacteria"," Rhizobiales"," Bartonellaceae"," Bartonella"," "
"22355b28b8c6c4f1b582ca9ca81936f8","Bacteria"," Proteobacteria"," Alphaproteobacteria"," Rhizobiales"," Bartonellaceae"," Bartonella"," "
"4b6c8167d50cef74ebe563f1ce2c7064","Bacteria"," Proteobacteria"," Alphaproteobacteria"," Rhizobiales"," Bartonellaceae"," Bartonella"," "
"42ec3dbacde6a413ebfd0b33bbe7b4b4","Bacteria"," Proteobacteria"," Alphaproteobacteria"," Rhizobiales"," Bartonellaceae"," Bartonella"," "
"3ecb6ccd65a2bd6d1ec78b190d08a8ab","Bacteria"," Proteobacteria"," Alphaproteobacteria"," Rhizobiales"," Bartonellaceae"," Bartonella"," "
"01fff358dc58a9676f3340a08fddb55b","Bacteria"," Proteobacteria"," Alphaproteobacteria"," Rhizobiales"," Bartonellaceae"," Bartonella",NA
"79563923e6ee101c45a7ddc00961fe87","Bacteria"," Proteobacteria"," Alphaproteobacteria"," Rhizobiales"," Bartonellaceae"," Bartonella",NA
